graph,vertex_num,constant,congestion,real_congestion,avg_route_len,delta,dan,most_congested_route,ratio
erdos-renyi,11,3,33.0,0.22916666666666666,1.3333333333333333,10,10,"[T1 W: 0, T5 W: 17.0, T8 W: 0]",0.25
erdos-renyi,11,3,37.0,0.22289156626506024,1.3373493975903614,10,10,"[T3 W: 0, T10 W: 12.0, T8 W: 0]",0.25
erdos-renyi,11,3,27.0,0.1588235294117647,1.2117647058823529,10,10,"[T1 W: 0, T10 W: 9.0, T6 W: 0]",0.25
erdos-renyi,11,3,30.0,0.12,1.14,10,10,"[T2 W: 0, T0 W: 14.0, T10 W: 0]",0.25
erdos-renyi,11,3,27.0,0.125,1.0972222222222223,10,10,"[T7 W: 0, T0 W: 9.0, T9 W: 0]",0.25
erdos-renyi,11,4,28.0,0.12612612612612611,1.0,10,10,"[T1 W: 0, T10 W: 16.0, T4 W: 0]",0.33
erdos-renyi,11,4,35.0,0.11006289308176101,1.2672955974842768,10,10,"[T1 W: 0, T9 W: 15.0, T10 W: 0]",0.33
erdos-renyi,11,4,30.0,0.1171875,1.015625,10,10,"[T1 W: 0, T0 W: 16.0, T7 W: 0]",0.33
erdos-renyi,11,4,26.0,0.13402061855670103,1.1494845360824741,10,10,"[T3 W: 0, T4 W: 9.0, T9 W: 0]",0.33
erdos-renyi,11,4,14.0,0.08860759493670886,0.8670886075949367,10,10,"[T2 W: 0, T7 W: 7.0, T9 W: 0]",0.33
erdos-renyi,11,5,25.0,0.09057971014492754,0.9057971014492754,10,10,"[T6 W: 0, T9 W: 10.0, T8 W: 0]",0.45
erdos-renyi,11,5,22.0,0.08333333333333333,1.0151515151515151,10,10,"[T1 W: 0, T10 W: 14.0, T4 W: 0]",0.45
erdos-renyi,11,5,23.0,0.17692307692307693,0.9230769230769231,10,10,"[T6 W: 0, T1 W: 7.0, T8 W: 0]",0.45
erdos-renyi,11,5,14.0,0.07291666666666667,0.90625,10,10,"[T6 W: 0, T1 W: 6.0, T9 W: 0]",0.45
erdos-renyi,11,5,31.0,0.1040268456375839,1.2953020134228188,10,10,"[T5 W: 0, T6 W: 11.0, T8 W: 0]",0.45
erdos-renyi,11,3,30.0,0.234375,1.109375,16,16,"[T2 W: 0, T8 W: 16.0, T9 W: 0]",0.25
erdos-renyi,11,3,22.0,0.22916666666666666,1.21875,16,16,"[T2 W: 0, T8 W: 8.0, T4 W: 0]",0.25
erdos-renyi,11,3,16.0,0.1509433962264151,1.0660377358490567,16,16,"[T0 W: 0, T3 W: 8.0, T5 W: 0]",0.25
erdos-renyi,11,3,30.0,0.12605042016806722,1.1512605042016806,16,16,"[T6 W: 0, T0 W: 17.0, T8 W: 0]",0.25
erdos-renyi,11,3,30.0,0.2112676056338028,1.0422535211267605,16,16,"[T1 W: 0, T4 W: 17.0, T2 W: 0]",0.25
erdos-renyi,11,4,21.0,0.11413043478260869,1.125,16,16,"[T2 W: 0, T4 W: 14.0, T6 W: 0]",0.33
erdos-renyi,11,4,22.0,0.1111111111111111,1.0303030303030303,16,16,"[T5 W: 0, T7 W: 8.0, T9 W: 0]",0.33
erdos-renyi,11,4,22.0,0.10679611650485436,1.2524271844660195,16,16,"[T8 W: 0, T6 W: 9.0, T9 W: 0]",0.33
erdos-renyi,11,4,15.0,0.20833333333333334,1.0277777777777777,16,16,"[T1 W: 0, T10 W: 8.0, T3 W: 0]",0.33
erdos-renyi,11,4,20.0,0.12048192771084337,1.0180722891566265,16,16,"[T0 W: 0, T1 W: 8.0, T8 W: 0]",0.33
erdos-renyi,11,5,24.0,0.08571428571428572,0.9642857142857143,16,16,"[T2 W: 0, T7 W: 12.0, T10 W: 0]",0.45
erdos-renyi,11,5,21.0,0.09210526315789473,0.7412280701754386,16,16,"[T2 W: 0, T10 W: 15.0, T8 W: 0]",0.45
erdos-renyi,11,5,24.0,0.09375,1.05078125,16,16,"[T2 W: 0, T0 W: 10.0, T5 W: 0]",0.45
erdos-renyi,11,5,30.0,0.09868421052631579,1.2532894736842106,16,16,"[T6 W: 0, T2 W: 14.0, T10 W: 0]",0.45
erdos-renyi,11,5,23.0,0.10952380952380952,1.0238095238095237,16,16,"[T0 W: 0, T3 W: 11.0, T2 W: 0]",0.45
erdos-renyi,11,3,21.0,0.11538461538461539,0.7637362637362637,24,24,"[T4 W: 0, T10 W: 8.0, T6 W: 0]",0.25
erdos-renyi,11,3,18.0,0.12162162162162163,0.9256756756756757,24,24,"[T4 W: 0, T7 W: 10.0, T8 W: 0]",0.25
erdos-renyi,11,3,20.0,0.18867924528301888,1.3584905660377358,24,24,"[T5 W: 0, T4 W: 7.0, T9 W: 0]",0.25
erdos-renyi,11,3,20.0,0.13157894736842105,0.9605263157894737,24,24,"[T1 W: 0, T0 W: 6.0, T3 W: 0]",0.25
erdos-renyi,11,3,36.0,0.16822429906542055,1.0093457943925233,24,24,"[T1 W: 0, T4 W: 18.0, T9 W: 0]",0.25
erdos-renyi,11,4,29.0,0.15591397849462366,1.2150537634408602,24,24,"[T4 W: 0, T3 W: 15.0, T6 W: 0]",0.33
erdos-renyi,11,4,24.0,0.11764705882352941,1.0686274509803921,24,24,"[T1 W: 0, T6 W: 9.0, T2 W: 0]",0.33
erdos-renyi,11,4,22.0,0.16417910447761194,1.3432835820895523,24,24,"[T8 W: 0, T5 W: 12.0, T9 W: 0]",0.33
erdos-renyi,11,4,22.0,0.11,1.105,24,24,"[T2 W: 0, T4 W: 9.0, T5 W: 0]",0.33
erdos-renyi,11,4,20.0,0.15151515151515152,1.3409090909090908,24,24,"[T3 W: 0, T7 W: 8.0, T6 W: 0]",0.33
erdos-renyi,11,5,25.0,0.08561643835616438,1.1986301369863013,24,24,"[T1 W: 0, T10 W: 12.0, T7 W: 0]",0.45
erdos-renyi,11,5,29.0,0.12184873949579832,1.2478991596638656,24,24,"[T3 W: 0, T4 W: 20.0, T10 W: 0]",0.45
erdos-renyi,11,5,27.0,0.11065573770491803,1.0655737704918034,24,24,"[T3 W: 0, T6 W: 15.0, T9 W: 0]",0.45
erdos-renyi,11,5,26.0,0.11818181818181818,1.1727272727272726,24,24,"[T2 W: 0, T3 W: 15.0, T10 W: 0]",0.45
erdos-renyi,11,5,23.0,0.11165048543689321,0.8446601941747572,24,24,"[T1 W: 0, T10 W: 8.0, T7 W: 0]",0.45
erdos-renyi,11,3,19.0,0.1130952380952381,1.0833333333333333,48,48,"[T0 W: 0, T5 W: 13.0, T4 W: 0]",0.25
erdos-renyi,11,3,16.0,0.10666666666666667,1.0733333333333333,48,48,"[T0 W: 0, T2 W: 8.0, T9 W: 0]",0.25
erdos-renyi,11,3,20.0,0.23809523809523808,1.1904761904761905,48,48,"[T3 W: 0, T10 W: 9.0, T9 W: 0]",0.25
erdos-renyi,11,3,25.0,0.13157894736842105,1.2894736842105263,48,48,"[T1 W: 0, T7 W: 11.0, T10 W: 0]",0.25
erdos-renyi,11,3,21.0,0.14,1.16,48,48,"[T0 W: 0, T2 W: 14.0, T8 W: 0]",0.25
erdos-renyi,11,4,28.0,0.17721518987341772,1.259493670886076,48,48,"[T9 W: 0, T8 W: 11.0, T10 W: 0]",0.33
erdos-renyi,11,4,31.0,0.14485981308411214,0.794392523364486,48,48,"[T4 W: 0, T9 W: 16.0, T5 W: 0]",0.33
erdos-renyi,11,4,26.0,0.11016949152542373,0.902542372881356,48,48,"[T0 W: 0, T3 W: 11.0, T2 W: 0]",0.33
erdos-renyi,11,4,25.0,0.09328358208955224,1.0037313432835822,48,48,"[T4 W: 0, T9 W: 10.0, T8 W: 0]",0.33
erdos-renyi,11,4,18.0,0.09,0.985,48,48,"[T1 W: 0, T4 W: 7.0, T10 W: 0]",0.33
erdos-renyi,11,5,22.0,0.07801418439716312,0.9929078014184397,48,48,"[T2 W: 0, T3 W: 8.0, T8 W: 0]",0.45
erdos-renyi,11,5,24.0,0.09302325581395349,0.9728682170542635,48,48,"[T1 W: 0, T8 W: 16.0, T9 W: 0]",0.45
erdos-renyi,11,5,29.0,0.1,1.0862068965517242,48,48,"[T4 W: 0, T2 W: 16.0, T9 W: 0]",0.45
erdos-renyi,11,5,24.0,0.07741935483870968,0.964516129032258,48,48,"[T1 W: 0, T10 W: 15.0, T2 W: 0]",0.45
erdos-renyi,11,5,23.0,0.08582089552238806,1.0970149253731343,48,48,"[T8 W: 0, T4 W: 14.0, T10 W: 0]",0.45
erdos-renyi,15,4,25.0,0.07183908045977011,1.103448275862069,10,10,"[T1 W: 0, T6 W: 9.0, T10 W: 0]",0.25
erdos-renyi,15,4,25.0,0.07763975155279502,0.8540372670807453,10,10,"[T3 W: 0, T1 W: 17.0, T5 W: 0]",0.25
erdos-renyi,15,4,22.0,0.09401709401709402,1.1538461538461537,10,10,"[T1 W: 0, T4 W: 7.0, T7 W: 0]",0.25
erdos-renyi,15,4,25.0,0.07183908045977011,1.1666666666666667,10,10,"[T1 W: 0, T7 W: 9.0, T2 W: 0]",0.25
erdos-renyi,15,4,21.0,0.075,0.9571428571428572,10,10,"[T0 W: 0, T14 W: 7.0, T11 W: 0]",0.25
erdos-renyi,15,5,27.0,0.10384615384615385,1.0576923076923077,10,10,"[T2 W: 0, T11 W: 18.0, T14 W: 0]",0.33
erdos-renyi,15,5,27.0,0.07627118644067797,1.0677966101694916,10,10,"[T2 W: 0, T9 W: 15.0, T5 W: 0]",0.33
erdos-renyi,15,5,18.0,0.05202312138728324,0.8757225433526011,10,10,"[T0 W: 0, T7 W: 10.0, T13 W: 0]",0.33
erdos-renyi,15,5,26.0,0.05531914893617021,0.9744680851063829,10,10,"[T5 W: 0, T6 W: 9.0, T11 W: 0]",0.33
erdos-renyi,15,5,28.0,0.0945945945945946,1.1114864864864864,10,10,"[T1 W: 0, T10 W: 15.0, T8 W: 0]",0.33
erdos-renyi,15,7,32.0,0.06722689075630252,0.8634453781512605,10,10,"[T10 W: 0, T6 W: 16.0, T13 W: 0]",0.45
erdos-renyi,15,7,32.0,0.05460750853242321,1.1313993174061434,10,10,"[T1 W: 0, T12 W: 17.0, T4 W: 0]",0.45
erdos-renyi,15,7,26.0,0.046762589928057555,0.9568345323741008,10,10,"[T3 W: 0, T9 W: 16.0, T12 W: 0]",0.45
erdos-renyi,15,7,30.0,0.06097560975609756,1.048780487804878,10,10,"[T7 W: 0, T1 W: 17.0, T9 W: 0]",0.45
erdos-renyi,15,7,29.0,0.05471698113207547,1.1471698113207547,10,10,"[T8 W: 0, T2 W: 8.0, T10 W: 0]",0.45
erdos-renyi,15,4,21.0,0.06325301204819277,1.0873493975903614,16,16,"[T0 W: 0, T2 W: 14.0, T5 W: 0]",0.25
erdos-renyi,15,4,21.0,0.08898305084745763,0.8516949152542372,16,16,"[T1 W: 0, T12 W: 13.0, T13 W: 0]",0.25
erdos-renyi,15,4,19.0,0.076,1.016,16,16,"[T0 W: 0, T3 W: 7.0, T11 W: 0]",0.25
erdos-renyi,15,4,22.0,0.08148148148148149,1.0555555555555556,16,16,"[T2 W: 0, T14 W: 13.0, T8 W: 0]",0.25
erdos-renyi,15,4,18.0,0.06521739130434782,0.9166666666666666,16,16,"[T2 W: 0, T8 W: 9.0, T5 W: 0]",0.25
erdos-renyi,15,5,20.0,0.057803468208092484,0.8236994219653179,16,16,"[T1 W: 0, T6 W: 7.0, T7 W: 0]",0.33
erdos-renyi,15,5,29.0,0.07512953367875648,1.0751295336787565,16,16,"[T3 W: 0, T1 W: 11.0, T11 W: 0]",0.33
erdos-renyi,15,5,22.0,0.05913978494623656,0.8198924731182796,16,16,"[T2 W: 0, T13 W: 15.0, T4 W: 0]",0.33
erdos-renyi,15,5,23.0,0.07516339869281045,0.7843137254901961,16,16,"[T5 W: 0, T8 W: 9.0, T6 W: 0]",0.33
erdos-renyi,15,5,22.0,0.06077348066298342,1.022099447513812,16,16,"[T2 W: 0, T8 W: 9.0, T5 W: 0]",0.33
erdos-renyi,15,7,27.0,0.04981549815498155,1.1346863468634687,16,16,"[T1 W: 0, T13 W: 9.0, T12 W: 0]",0.45
erdos-renyi,15,7,26.0,0.05179282868525897,1.0617529880478087,16,16,"[T4 W: 0, T9 W: 9.0, T12 W: 0]",0.45
erdos-renyi,15,7,32.0,0.05925925925925926,1.2481481481481482,16,16,"[T6 W: 0, T4 W: 18.0, T7 W: 0]",0.45
erdos-renyi,15,7,25.0,0.05230125523012552,0.8096234309623431,16,16,"[T8 W: 0, T14 W: 17.0, T11 W: 0]",0.45
erdos-renyi,15,7,27.0,0.043689320388349516,0.883495145631068,16,16,"[T3 W: 0, T10 W: 9.0, T12 W: 0]",0.45
erdos-renyi,15,4,34.0,0.09550561797752809,1.0421348314606742,24,24,"[T2 W: 0, T8 W: 17.0, T9 W: 0]",0.25
erdos-renyi,15,4,19.0,0.08962264150943396,0.6981132075471698,24,24,"[T1 W: 0, T2 W: 8.0, T7 W: 0]",0.25
erdos-renyi,15,4,27.0,0.07894736842105263,0.956140350877193,24,24,"[T5 W: 0, T7 W: 18.0, T13 W: 0]",0.25
erdos-renyi,15,4,26.0,0.08333333333333333,0.8910256410256411,24,24,"[T5 W: 0, T3 W: 9.0, T14 W: 0]",0.25
erdos-renyi,15,4,20.0,0.08130081300813008,1.3373983739837398,24,24,"[T11 W: 0, T10 W: 13.0, T12 W: 0]",0.25
erdos-renyi,15,5,36.0,0.09944751381215469,1.3646408839779005,24,24,"[T5 W: 0, T0 W: 9.0, T10 W: 0]",0.33
erdos-renyi,15,5,27.0,0.06923076923076923,1.0512820512820513,24,24,"[T2 W: 0, T10 W: 18.0, T5 W: 0]",0.33
erdos-renyi,15,5,26.0,0.06989247311827956,1.0672043010752688,24,24,"[T1 W: 0, T6 W: 14.0, T3 W: 0]",0.33
erdos-renyi,15,5,34.0,0.07423580786026202,1.259825327510917,24,24,"[T11 W: 0, T1 W: 18.0, T12 W: 0]",0.33
erdos-renyi,15,5,18.0,0.07086614173228346,1.188976377952756,24,24,"[T6 W: 0, T11 W: 9.0, T7 W: 0]",0.33
erdos-renyi,15,7,25.0,0.04716981132075472,1.0622641509433963,24,24,"[T5 W: 0, T13 W: 16.0, T14 W: 0]",0.45
erdos-renyi,15,7,23.0,0.04935622317596566,1.0,24,24,"[T4 W: 0, T0 W: 8.0, T12 W: 0]",0.45
erdos-renyi,15,7,31.0,0.05916030534351145,0.9980916030534351,24,24,"[T2 W: 0, T6 W: 14.0, T11 W: 0]",0.45
erdos-renyi,15,7,27.0,0.04963235294117647,1.0533088235294117,24,24,"[T3 W: 0, T13 W: 13.0, T10 W: 0]",0.45
erdos-renyi,15,7,27.0,0.05895196506550218,1.0218340611353711,24,24,"[T3 W: 0, T0 W: 18.0, T13 W: 0]",0.45
erdos-renyi,15,4,36.0,0.0967741935483871,1.2365591397849462,48,48,"[T9 W: 0, T1 W: 23.0, T14 W: 0]",0.25
erdos-renyi,15,4,22.0,0.06707317073170732,0.9878048780487805,48,48,"[T7 W: 0, T6 W: 15.0, T8 W: 0]",0.25
erdos-renyi,15,4,24.0,0.0851063829787234,1.0390070921985815,48,48,"[T2 W: 0, T5 W: 8.0, T8 W: 0]",0.25
erdos-renyi,15,4,19.0,0.08796296296296297,1.0694444444444444,48,48,"[T6 W: 0, T11 W: 13.0, T10 W: 0]",0.25
erdos-renyi,15,4,28.0,0.0875,1.2375,48,48,"[T0 W: 0, T1 W: 16.0, T8 W: 0]",0.25
erdos-renyi,15,5,27.0,0.07458563535911603,1.0082872928176796,48,48,"[T9 W: 0, T11 W: 9.0, T10 W: 0]",0.33
erdos-renyi,15,5,25.0,0.06188118811881188,0.9801980198019802,48,48,"[T1 W: 0, T10 W: 16.0, T7 W: 0]",0.33
erdos-renyi,15,5,24.0,0.075,0.85,48,48,"[T4 W: 0, T7 W: 9.0, T13 W: 0]",0.33
erdos-renyi,15,5,24.0,0.07142857142857142,1.3273809523809523,48,48,"[T0 W: 0, T8 W: 11.0, T14 W: 0]",0.33
erdos-renyi,15,5,29.0,0.08100558659217877,1.2150837988826815,48,48,"[T4 W: 0, T13 W: 12.0, T14 W: 0]",0.33
erdos-renyi,15,7,25.0,0.04789272030651341,1.1226053639846743,48,48,"[T1 W: 0, T3 W: 17.0, T14 W: 0]",0.45
erdos-renyi,15,7,26.0,0.047619047619047616,1.0036630036630036,48,48,"[T8 W: 0, T7 W: 17.0, T10 W: 0]",0.45
erdos-renyi,15,7,30.0,0.055350553505535055,1.014760147601476,48,48,"[T4 W: 0, T2 W: 17.0, T10 W: 0]",0.45
erdos-renyi,15,7,26.0,0.053497942386831275,1.1358024691358024,48,48,"[T2 W: 0, T1 W: 9.0, T7 W: 0]",0.45
erdos-renyi,15,7,25.0,0.06009615384615385,0.7884615384615384,48,48,"[T2 W: 0, T7 W: 17.0, T9 W: 0]",0.45
erdos-renyi,35,9,35.0,0.02330226364846871,0.8588548601864181,10,10,"[T2 W: 0, T10 W: 7.0, T12 W: 2.0, T26 W: 0]",0.25
erdos-renyi,35,9,27.0,0.018218623481781375,0.9041835357624831,10,10,"[T4 W: 0, T20 W: 17.0, T12 W: 0]",0.25
erdos-renyi,35,9,31.0,0.02052980132450331,0.9172185430463576,10,10,"[T8 W: 0, T16 W: 16.0, T12 W: 0]",0.25
erdos-renyi,35,9,26.0,0.016352201257861635,0.9452830188679245,10,10,"[T18 W: 0, T22 W: 5.0, T32 W: 5.0, T34 W: 0]",0.25
erdos-renyi,35,9,27.0,0.018646408839779006,0.8487569060773481,10,10,"[T10 W: 0, T31 W: 15.0, T16 W: 0]",0.25
erdos-renyi,35,12,33.0,0.01614481409001957,0.8170254403131115,10,10,"[T16 W: 0, T18 W: 7.0, T19 W: 12.0, T22 W: 0]",0.33
erdos-renyi,35,12,31.0,0.015625,1.1587701612903225,10,10,"[T8 W: 0, T17 W: 4.0, T16 W: 4.0, T33 W: 0]",0.33
erdos-renyi,35,12,28.0,0.01557285873192436,0.9232480533926585,10,10,"[T22 W: 0, T19 W: 12.0, T0 W: 6.0, T26 W: 0]",0.33
erdos-renyi,35,12,37.0,0.017097966728280962,0.9519408502772643,10,10,"[T7 W: 0, T28 W: 12.0, T10 W: 15.0, T17 W: 0]",0.33
erdos-renyi,35,12,33.0,0.017368421052631578,0.9563157894736842,10,10,"[T0 W: 0, T1 W: 9.0, T25 W: 0]",0.33
erdos-renyi,35,16,53.0,0.01935719503287071,1.0065741417092768,10,10,"[T3 W: 0, T15 W: 16.0, T24 W: 11.0, T10 W: 0]",0.45
erdos-renyi,35,16,61.0,0.02166193181818182,1.0617897727272727,10,10,"[T5 W: 0, T9 W: 11.0, T29 W: 4.0, T11 W: 12.0, T20 W: 0]",0.45
erdos-renyi,35,16,63.0,0.022277227722772276,1.199080622347949,10,10,"[T22 W: 0, T14 W: 16.0, T9 W: 15.0, T33 W: 0]",0.45
erdos-renyi,35,16,59.0,0.020164046479835954,1.008544087491456,10,10,"[T9 W: 0, T23 W: 11.0, T2 W: 16.0, T22 W: 0]",0.45
erdos-renyi,35,16,73.0,0.0255781359495445,1.0252277505255782,10,10,"[T2 W: 0, T19 W: 10.0, T25 W: 4.0, T34 W: 13.0, T27 W: 0]",0.45
erdos-renyi,35,9,28.0,0.0220125786163522,0.9897798742138365,16,16,"[T20 W: 0, T13 W: 16.0, T34 W: 0]",0.25
erdos-renyi,35,9,26.0,0.016029593094944512,0.8335388409371147,16,16,"[T0 W: 0, T9 W: 9.0, T10 W: 0]",0.25
erdos-renyi,35,9,25.0,0.015625,0.775,16,16,"[T4 W: 0, T8 W: 17.0, T5 W: 0]",0.25
erdos-renyi,35,9,24.0,0.015364916773367477,0.8809218950064021,16,16,"[T3 W: 0, T9 W: 9.0, T26 W: 0]",0.25
erdos-renyi,35,9,28.0,0.02023121387283237,0.8063583815028902,16,16,"[T6 W: 0, T25 W: 16.0, T16 W: 0]",0.25
erdos-renyi,35,12,28.0,0.014014014014014014,1.0635635635635636,16,16,"[T5 W: 0, T13 W: 12.0, T31 W: 0]",0.33
erdos-renyi,35,12,33.0,0.014102564102564103,0.926923076923077,16,16,"[T9 W: 0, T31 W: 16.0, T27 W: 0]",0.33
erdos-renyi,35,12,32.0,0.01694915254237288,0.9136652542372882,16,16,"[T13 W: 0, T10 W: 16.0, T34 W: 0]",0.33
erdos-renyi,35,12,27.0,0.012096774193548387,0.842741935483871,16,16,"[T27 W: 0, T17 W: 10.0, T30 W: 0]",0.33
erdos-renyi,35,12,27.0,0.01347305389221557,0.9535928143712575,16,16,"[T8 W: 0, T0 W: 9.0, T9 W: 0]",0.33
erdos-renyi,35,16,29.0,0.011249030256012413,0.9387121799844841,16,16,"[T7 W: 0, T22 W: 17.0, T14 W: 0]",0.45
erdos-renyi,35,16,29.0,0.010461760461760462,0.9978354978354979,16,16,"[T12 W: 0, T29 W: 13.0, T14 W: 0]",0.45
erdos-renyi,35,16,32.0,0.01194921583271098,0.9077669902912622,16,16,"[T0 W: 0, T19 W: 14.0, T15 W: 0]",0.45
erdos-renyi,35,16,31.0,0.01103988603988604,0.9918091168091168,16,16,"[T10 W: 0, T6 W: 17.0, T19 W: 0]",0.45
erdos-renyi,35,16,42.0,0.016216216216216217,0.9416988416988417,16,16,"[T21 W: 0, T15 W: 11.0, T18 W: 9.0, T32 W: 0]",0.45
erdos-renyi,35,9,31.0,0.01789838337182448,0.9763279445727483,24,24,"[T23 W: 0, T10 W: 15.0, T26 W: 0]",0.25
erdos-renyi,35,9,31.0,0.018787878787878787,1.0751515151515152,24,24,"[T3 W: 0, T8 W: 15.0, T21 W: 0]",0.25
erdos-renyi,35,9,25.0,0.019319938176197836,0.848531684698609,24,24,"[T4 W: 0, T3 W: 16.0, T32 W: 0]",0.25
erdos-renyi,35,9,24.0,0.01680672268907563,0.9026610644257703,24,24,"[T12 W: 0, T34 W: 13.0, T29 W: 0]",0.25
erdos-renyi,35,9,35.0,0.022068095838587643,0.8556116015132409,24,24,"[T4 W: 0, T6 W: 18.0, T21 W: 0]",0.25
erdos-renyi,35,12,26.0,0.011926605504587157,0.8619266055045871,24,24,"[T6 W: 0, T10 W: 13.0, T14 W: 0]",0.33
erdos-renyi,35,12,32.0,0.014311270125223614,1.0818425760286225,24,24,"[T20 W: 0, T9 W: 17.0, T21 W: 0]",0.33
erdos-renyi,35,12,29.0,0.014587525150905433,0.8435613682092555,24,24,"[T17 W: 0, T21 W: 12.0, T24 W: 0]",0.33
erdos-renyi,35,12,36.0,0.018789144050104383,0.8100208768267223,24,24,"[T6 W: 0, T25 W: 18.0, T7 W: 0]",0.33
erdos-renyi,35,12,28.0,0.014957264957264958,0.9476495726495726,24,24,"[T15 W: 0, T12 W: 13.0, T32 W: 0]",0.33
erdos-renyi,35,16,28.0,0.011391375101708706,0.967046379170057,24,24,"[T4 W: 0, T31 W: 15.0, T28 W: 0]",0.45
erdos-renyi,35,16,29.0,0.010386819484240688,0.9401862464183381,24,24,"[T6 W: 0, T22 W: 14.0, T32 W: 0]",0.45
erdos-renyi,35,16,29.0,0.0100974930362117,1.0167130919220055,24,24,"[T0 W: 0, T10 W: 14.0, T25 W: 0]",0.45
erdos-renyi,35,16,33.0,0.01262433052792655,0.9326702371843917,24,24,"[T33 W: 0, T21 W: 15.0, T34 W: 0]",0.45
erdos-renyi,35,16,28.0,0.010760953112990008,0.8785549577248271,24,24,"[T10 W: 0, T27 W: 14.0, T23 W: 0]",0.45
erdos-renyi,35,9,28.0,0.018970189701897018,0.8678861788617886,48,48,"[T10 W: 0, T8 W: 18.0, T22 W: 0]",0.25
erdos-renyi,35,9,25.0,0.01775568181818182,0.9254261363636364,48,48,"[T7 W: 0, T25 W: 9.0, T15 W: 0]",0.25
erdos-renyi,35,9,24.0,0.016129032258064516,0.8252688172043011,48,48,"[T5 W: 0, T21 W: 15.0, T10 W: 0]",0.25
erdos-renyi,35,9,32.0,0.021361815754339118,1.0100133511348464,48,48,"[T8 W: 0, T9 W: 17.0, T27 W: 0]",0.25
erdos-renyi,35,9,35.0,0.023458445040214475,1.054289544235925,48,48,"[T7 W: 0, T30 W: 17.0, T11 W: 0]",0.25
erdos-renyi,35,12,30.0,0.016722408026755852,0.9386845039018952,48,48,"[T1 W: 0, T32 W: 16.0, T28 W: 0]",0.33
erdos-renyi,35,12,23.0,0.012130801687763712,0.8976793248945147,48,48,"[T1 W: 0, T25 W: 16.0, T2 W: 0]",0.33
erdos-renyi,35,12,31.0,0.014961389961389961,0.9966216216216216,48,48,"[T22 W: 0, T6 W: 13.0, T25 W: 0]",0.33
erdos-renyi,35,12,29.0,0.013205828779599272,0.9330601092896175,48,48,"[T4 W: 0, T34 W: 11.0, T33 W: 0]",0.33
erdos-renyi,35,12,25.0,0.012159533073929961,1.16147859922179,48,48,"[T9 W: 0, T31 W: 11.0, T19 W: 0]",0.33
erdos-renyi,35,16,31.0,0.010734072022160665,1.0003462603878117,48,48,"[T2 W: 0, T12 W: 14.0, T33 W: 0]",0.45
erdos-renyi,35,16,31.0,0.011886503067484663,0.9378834355828221,48,48,"[T16 W: 0, T29 W: 17.0, T28 W: 0]",0.45
erdos-renyi,35,16,34.0,0.013428120063191154,1.0916271721958926,48,48,"[T21 W: 0, T15 W: 18.0, T33 W: 0]",0.45
erdos-renyi,35,16,33.0,0.01186196980589504,0.9701653486700216,48,48,"[T23 W: 0, T33 W: 18.0, T28 W: 0]",0.45
erdos-renyi,35,16,30.0,0.01038781163434903,0.9186288088642659,48,48,"[T23 W: 0, T10 W: 13.0, T30 W: 0]",0.45
erdos-renyi,50,13,52.0,0.015931372549019607,1.0193014705882353,10,10,"[T19 W: 0, T23 W: 14.0, T36 W: 12.0, T29 W: 0]",0.25
erdos-renyi,50,13,44.0,0.013505217925107428,0.9223449969306323,10,10,"[T24 W: 0, T14 W: 16.0, T12 W: 3.0, T4 W: 10.0, T46 W: 0]",0.25
erdos-renyi,50,13,50.0,0.015586034912718205,0.9940773067331671,10,10,"[T17 W: 0, T23 W: 16.0, T40 W: 12.0, T48 W: 0]",0.25
erdos-renyi,50,13,49.0,0.015030674846625767,0.9138036809815951,10,10,"[T7 W: 0, T33 W: 9.0, T29 W: 14.0, T21 W: 0]",0.25
erdos-renyi,50,13,46.0,0.015262110152621102,0.8098871930988719,10,10,"[T21 W: 0, T38 W: 14.0, T20 W: 10.0, T37 W: 0]",0.25
erdos-renyi,50,17,60.0,0.013856812933025405,0.9570438799076213,10,10,"[T35 W: 0, T46 W: 14.0, T25 W: 4.0, T46 W: 5.0, T42 W: 0]",0.33
erdos-renyi,50,17,60.0,0.014218009478672985,0.9964454976303317,10,10,"[T1 W: 0, T48 W: 12.0, T45 W: 12.0, T42 W: 0]",0.33
erdos-renyi,50,17,72.0,0.017110266159695818,1.0522813688212929,10,10,"[T18 W: 0, T0 W: 15.0, T40 W: 16.0, T38 W: 0]",0.33
erdos-renyi,50,17,67.0,0.014975413500223514,1.0728654447921324,10,10,"[T22 W: 0, T26 W: 18.0, T48 W: 3.0, T23 W: 12.0, T49 W: 0]",0.33
erdos-renyi,50,17,65.0,0.015395547134059688,0.9748934154429181,10,10,"[T20 W: 0, T1 W: 11.0, T46 W: 4.0, T2 W: 10.0, T45 W: 0]",0.33
erdos-renyi,50,23,88.0,0.016936104695919937,0.985373364126251,10,10,"[T32 W: 0, T8 W: 18.0, T22 W: 5.0, T39 W: 18.0, T35 W: 0]",0.45
erdos-renyi,50,23,88.0,0.015658362989323844,1.044661921708185,10,10,"[T29 W: 0, T17 W: 9.0, T23 W: 6.0, T13 W: 1.0, T46 W: 9.0, T42 W: 0]",0.45
erdos-renyi,50,23,80.0,0.014199503017394392,1.0390486332978346,10,10,"[T11 W: 0, T22 W: 8.0, T42 W: 4.0, T22 W: 8.0, T32 W: 0]",0.45
erdos-renyi,50,23,79.0,0.014532744665194997,1.0163723325974983,10,10,"[T29 W: 0, T33 W: 7.0, T30 W: 6.0, T36 W: 7.0, T46 W: 0]",0.45
erdos-renyi,50,23,83.0,0.015490854796565883,1.2571855169839492,10,10,"[T35 W: 0, T47 W: 8.0, T46 W: 5.0, T47 W: 7.0, T42 W: 0]",0.45
erdos-renyi,50,13,24.0,0.007402837754472548,0.865206662553979,16,16,"[T20 W: 0, T49 W: 8.0, T23 W: 0]",0.25
erdos-renyi,50,13,30.0,0.009375,0.8496875,16,16,"[T21 W: 0, T42 W: 13.0, T22 W: 0]",0.25
erdos-renyi,50,13,34.0,0.011310711909514305,0.916833000665336,16,16,"[T33 W: 0, T44 W: 18.0, T45 W: 0]",0.25
erdos-renyi,50,13,35.0,0.011371020142949967,0.8219623131903834,16,16,"[T3 W: 0, T1 W: 18.0, T43 W: 0]",0.25
erdos-renyi,50,13,30.0,0.009316770186335404,0.8586956521739131,16,16,"[T13 W: 0, T32 W: 14.0, T39 W: 0]",0.25
erdos-renyi,50,17,42.0,0.010081613058089293,0.8835813730196832,16,16,"[T37 W: 0, T32 W: 14.0, T23 W: 4.0, T44 W: 0]",0.33
erdos-renyi,50,17,30.0,0.007530120481927711,0.8348393574297188,16,16,"[T6 W: 0, T37 W: 12.0, T11 W: 0]",0.33
erdos-renyi,50,17,39.0,0.008705357142857143,0.8839285714285714,16,16,"[T27 W: 0, T37 W: 10.0, T28 W: 5.0, T32 W: 0]",0.33
erdos-renyi,50,17,42.0,0.010248901903367497,0.8882381649585164,16,16,"[T31 W: 0, T40 W: 6.0, T22 W: 11.0, T46 W: 0]",0.33
erdos-renyi,50,17,36.0,0.008797653958944282,0.8448191593352884,16,16,"[T22 W: 0, T1 W: 11.0, T9 W: 11.0, T42 W: 0]",0.33
erdos-renyi,50,23,48.0,0.00837404047452896,1.0727494766224703,16,16,"[T8 W: 0, T9 W: 10.0, T25 W: 8.0, T26 W: 0]",0.45
erdos-renyi,50,23,51.0,0.009406123201770564,0.9852452969383991,16,16,"[T31 W: 0, T41 W: 9.0, T27 W: 3.0, T39 W: 0]",0.45
erdos-renyi,50,23,56.0,0.010071942446043165,1.0377697841726619,16,16,"[T7 W: 0, T0 W: 17.0, T26 W: 7.0, T13 W: 0]",0.45
erdos-renyi,50,23,54.0,0.010273972602739725,1.0034246575342465,16,16,"[T26 W: 0, T5 W: 16.0, T35 W: 13.0, T45 W: 0]",0.45
erdos-renyi,50,23,54.0,0.009821753364859949,0.9476173153874136,16,16,"[T16 W: 0, T18 W: 15.0, T24 W: 15.0, T27 W: 0]",0.45
erdos-renyi,50,13,27.0,0.00811298076923077,0.8891225961538461,24,24,"[T3 W: 0, T27 W: 9.0, T30 W: 0]",0.25
erdos-renyi,50,13,25.0,0.0074850299401197605,0.9616766467065868,24,24,"[T20 W: 0, T43 W: 14.0, T29 W: 0]",0.25
erdos-renyi,50,13,26.0,0.008491182233834096,0.787393860222077,24,24,"[T17 W: 0, T19 W: 9.0, T42 W: 0]",0.25
erdos-renyi,50,13,30.0,0.008976660682226212,0.8515858767205267,24,24,"[T4 W: 0, T26 W: 16.0, T10 W: 0]",0.25
erdos-renyi,50,13,28.0,0.00902061855670103,0.8489046391752577,24,24,"[T28 W: 0, T34 W: 13.0, T29 W: 0]",0.25
erdos-renyi,50,17,26.0,0.006445215666831929,0.9293505205751116,24,24,"[T7 W: 0, T1 W: 17.0, T35 W: 0]",0.33
erdos-renyi,50,17,28.0,0.006433823529411764,0.8724724264705882,24,24,"[T21 W: 0, T41 W: 16.0, T27 W: 0]",0.33
erdos-renyi,50,17,30.0,0.007407407407407408,0.7814814814814814,24,24,"[T13 W: 0, T39 W: 12.0, T14 W: 0]",0.33
erdos-renyi,50,17,30.0,0.007242877836793819,0.8237566393046837,24,24,"[T14 W: 0, T13 W: 16.0, T20 W: 0]",0.33
erdos-renyi,50,17,31.0,0.007416267942583732,0.8399521531100479,24,24,"[T17 W: 0, T12 W: 16.0, T46 W: 0]",0.33
erdos-renyi,50,23,31.0,0.005553565030455034,0.906843425295593,24,24,"[T3 W: 0, T7 W: 15.0, T8 W: 0]",0.45
erdos-renyi,50,23,35.0,0.0056634304207119745,1.0245954692556634,24,24,"[T2 W: 0, T0 W: 18.0, T3 W: 0]",0.45
erdos-renyi,50,23,32.0,0.0059193488716241215,0.8703292637809841,24,24,"[T31 W: 0, T28 W: 16.0, T33 W: 0]",0.45
erdos-renyi,50,23,48.0,0.008368200836820083,1.0618898186889818,24,24,"[T10 W: 0, T42 W: 15.0, T22 W: 9.0, T36 W: 0]",0.45
erdos-renyi,50,23,28.0,0.005128205128205128,0.9518315018315018,24,24,"[T2 W: 0, T27 W: 16.0, T7 W: 0]",0.45
erdos-renyi,50,13,26.0,0.008795669824086604,0.8731393775372125,48,48,"[T23 W: 0, T6 W: 9.0, T33 W: 0]",0.25
erdos-renyi,50,13,36.0,0.011976047904191617,0.8333333333333334,48,48,"[T40 W: 0, T7 W: 18.0, T45 W: 0]",0.25
erdos-renyi,50,13,27.0,0.008231707317073171,0.8152439024390243,48,48,"[T32 W: 0, T46 W: 9.0, T37 W: 0]",0.25
erdos-renyi,50,13,25.0,0.007866582756450597,0.9106356198867213,48,48,"[T2 W: 0, T43 W: 8.0, T37 W: 0]",0.25
erdos-renyi,50,13,36.0,0.011457670273711012,0.8535964353914705,48,48,"[T14 W: 0, T15 W: 18.0, T27 W: 0]",0.25
erdos-renyi,50,17,28.0,0.006219458018658374,0.9653487338960463,48,48,"[T10 W: 0, T5 W: 16.0, T18 W: 0]",0.33
erdos-renyi,50,17,34.0,0.007826887661141806,0.8984806629834254,48,48,"[T8 W: 0, T44 W: 16.0, T37 W: 0]",0.33
erdos-renyi,50,17,31.0,0.007601765571358509,0.9112309955860716,48,48,"[T47 W: 0, T2 W: 13.0, T49 W: 0]",0.33
erdos-renyi,50,17,30.0,0.00740009866798224,0.8956586087814504,48,48,"[T6 W: 0, T9 W: 13.0, T45 W: 0]",0.33
erdos-renyi,50,17,34.0,0.007727272727272728,0.8904545454545455,48,48,"[T3 W: 0, T6 W: 18.0, T25 W: 0]",0.33
erdos-renyi,50,23,30.0,0.005188516084399862,0.9446558284330682,48,48,"[T12 W: 0, T34 W: 14.0, T45 W: 0]",0.45
erdos-renyi,50,23,29.0,0.005323054331864904,0.9052863436123348,48,48,"[T1 W: 0, T29 W: 18.0, T7 W: 0]",0.45
erdos-renyi,50,23,31.0,0.005959246443675509,1.0647827758554402,48,48,"[T33 W: 0, T40 W: 15.0, T48 W: 0]",0.45
erdos-renyi,50,23,32.0,0.00562390158172232,0.9270650263620387,48,48,"[T9 W: 0, T48 W: 15.0, T10 W: 0]",0.45
erdos-renyi,50,23,30.0,0.005468465184104995,0.9766678818811521,48,48,"[T15 W: 0, T11 W: 15.0, T20 W: 0]",0.45
erdos-renyi,75,19,64.0,0.009054895302773062,0.9646293152235428,10,10,"[T15 W: 0, T49 W: 9.0, T28 W: 18.0, T50 W: 0]",0.25
erdos-renyi,75,19,65.0,0.008874931731294375,0.9698252321135992,10,10,"[T19 W: 0, T6 W: 18.0, T56 W: 3.0, T62 W: 9.0, T74 W: 0]",0.25
erdos-renyi,75,19,72.0,0.010885999395222256,0.9277290595706078,10,10,"[T7 W: 0, T66 W: 5.0, T61 W: 4.0, T66 W: 7.0, T20 W: 0]",0.25
erdos-renyi,75,19,61.0,0.008832898928468,0.9286128004633651,10,10,"[T25 W: 0, T37 W: 16.0, T47 W: 2.0, T60 W: 16.0, T66 W: 0]",0.25
erdos-renyi,75,19,71.0,0.009489441325848703,0.9743384121892542,10,10,"[T43 W: 0, T57 W: 16.0, T33 W: 6.0, T44 W: 14.0, T63 W: 0]",0.25
erdos-renyi,75,25,103.0,0.010906395595086828,1.0667090216010164,10,10,"[T11 W: 0, T58 W: 16.0, T44 W: 6.0, T8 W: 4.0, T74 W: 18.0, T56 W: 0]",0.33
erdos-renyi,75,25,89.0,0.009756632317474237,1.0473580355185266,10,10,"[T67 W: 0, T7 W: 14.0, T74 W: 6.0, T30 W: 8.0, T70 W: 0]",0.33
erdos-renyi,75,25,82.0,0.009284420289855072,1.0307971014492754,10,10,"[T47 W: 0, T44 W: 16.0, T52 W: 4.0, T50 W: 18.0, T67 W: 0]",0.33
erdos-renyi,75,25,94.0,0.009859450388084749,1.0166771554436753,10,10,"[T0 W: 0, T2 W: 16.0, T55 W: 7.0, T62 W: 7.0, T26 W: 0]",0.33
erdos-renyi,75,25,106.0,0.011447084233261339,1.0825053995680345,10,10,"[T34 W: 0, T8 W: 12.0, T29 W: 12.0, T8 W: 16.0, T69 W: 0]",0.33
erdos-renyi,75,34,134.0,0.010780370072405471,1.2488334674175383,10,10,"[T7 W: 0, T3 W: 9.0, T18 W: 5.0, T3 W: 12.0, T11 W: 0]",0.45
erdos-renyi,75,34,149.0,0.012113821138211382,1.3943089430894309,10,10,"[T41 W: 0, T64 W: 18.0, T45 W: 6.0, T7 W: 1.0, T45 W: 16.0, T73 W: 0]",0.45
erdos-renyi,75,34,132.0,0.01028999064546305,1.2984097287184284,10,10,"[T63 W: 0, T59 W: 14.0, T15 W: 5.0, T58 W: 4.0, T47 W: 6.0, T39 W: 8.0, T68 W: 0]",0.45
erdos-renyi,75,34,140.0,0.011098779134295227,1.2569367369589346,10,10,"[T6 W: 0, T72 W: 9.0, T52 W: 6.0, T10 W: 3.0, T9 W: 17.0, T24 W: 0]",0.45
erdos-renyi,75,34,159.0,0.01282878812328546,1.1592706148136196,10,10,"[T25 W: 0, T21 W: 16.0, T54 W: 6.0, T58 W: 1.0, T54 W: 1.0, T22 W: 16.0, T53 W: 0]",0.45
erdos-renyi,75,19,42.0,0.005598507064782724,0.9154892028792322,16,16,"[T0 W: 0, T62 W: 8.0, T46 W: 4.0, T59 W: 6.0, T73 W: 0]",0.25
erdos-renyi,75,19,37.0,0.005662687480869299,0.911233547597184,16,16,"[T41 W: 0, T60 W: 11.0, T2 W: 6.0, T43 W: 0]",0.25
erdos-renyi,75,19,62.0,0.008360302049622438,0.8685275080906149,16,16,"[T37 W: 0, T49 W: 18.0, T24 W: 12.0, T50 W: 0]",0.25
erdos-renyi,75,19,41.0,0.0058823529411764705,0.8375896700143473,16,16,"[T9 W: 0, T62 W: 6.0, T24 W: 10.0, T54 W: 0]",0.25
erdos-renyi,75,19,50.0,0.0073964497041420114,0.8263313609467455,16,16,"[T47 W: 0, T65 W: 15.0, T4 W: 9.0, T50 W: 0]",0.25
erdos-renyi,75,25,75.0,0.007909723686985868,0.998523518245096,16,16,"[T10 W: 0, T62 W: 10.0, T23 W: 8.0, T21 W: 14.0, T19 W: 0]",0.33
erdos-renyi,75,25,72.0,0.007278608976951072,0.9326728669632026,16,16,"[T62 W: 0, T48 W: 4.0, T50 W: 4.0, T48 W: 14.0, T63 W: 0]",0.33
erdos-renyi,75,25,52.0,0.005747126436781609,0.9239610963748894,16,16,"[T29 W: 0, T59 W: 16.0, T53 W: 12.0, T62 W: 0]",0.33
erdos-renyi,75,25,69.0,0.007873117298037425,0.9241214057507987,16,16,"[T15 W: 0, T7 W: 10.0, T44 W: 14.0, T40 W: 0]",0.33
erdos-renyi,75,25,56.0,0.00598035027765912,0.9153139683895771,16,16,"[T37 W: 0, T8 W: 10.0, T56 W: 6.0, T38 W: 15.0, T41 W: 0]",0.33
erdos-renyi,75,34,77.0,0.005911254414248426,1.0553508367879625,16,16,"[T1 W: 0, T62 W: 12.0, T30 W: 5.0, T40 W: 16.0, T19 W: 0]",0.45
erdos-renyi,75,34,114.0,0.008801729462631254,1.0636967263743051,16,16,"[T22 W: 0, T20 W: 14.0, T69 W: 13.0, T51 W: 11.0, T72 W: 0]",0.45
erdos-renyi,75,34,89.0,0.007063492063492063,1.0171428571428571,16,16,"[T22 W: 0, T9 W: 14.0, T73 W: 7.0, T9 W: 9.0, T32 W: 0]",0.45
erdos-renyi,75,34,78.0,0.006478405315614618,1.0861295681063123,16,16,"[T33 W: 0, T40 W: 8.0, T14 W: 18.0, T34 W: 0]",0.45
erdos-renyi,75,34,94.0,0.007452037418741082,1.1507055652449658,16,16,"[T39 W: 0, T70 W: 7.0, T37 W: 9.0, T32 W: 18.0, T54 W: 0]",0.45
erdos-renyi,75,19,36.0,0.005060444194545966,0.8696935619904413,24,24,"[T33 W: 0, T48 W: 16.0, T72 W: 2.0, T50 W: 0]",0.25
erdos-renyi,75,19,30.0,0.004205214465937763,0.8254835996635829,24,24,"[T9 W: 0, T26 W: 16.0, T30 W: 0]",0.25
erdos-renyi,75,19,39.0,0.005708430913348946,0.9004683840749415,24,24,"[T10 W: 0, T67 W: 9.0, T32 W: 6.0, T17 W: 0]",0.25
erdos-renyi,75,19,30.0,0.004040948275862069,0.8440193965517241,24,24,"[T14 W: 0, T67 W: 12.0, T62 W: 0]",0.25
erdos-renyi,75,19,30.0,0.00421822272215973,0.8533464566929134,24,24,"[T14 W: 0, T55 W: 17.0, T69 W: 0]",0.25
erdos-renyi,75,25,43.0,0.0045406546990496306,0.917740232312566,24,24,"[T2 W: 0, T55 W: 9.0, T30 W: 10.0, T10 W: 0]",0.33
erdos-renyi,75,25,36.0,0.0039937874417572666,0.8544486354559574,24,24,"[T25 W: 0, T63 W: 13.0, T39 W: 5.0, T62 W: 0]",0.33
erdos-renyi,75,25,36.0,0.003866809881847476,0.9236305048335124,24,24,"[T15 W: 0, T9 W: 8.0, T50 W: 10.0, T24 W: 0]",0.33
erdos-renyi,75,25,39.0,0.004228100607111882,0.9153295750216826,24,24,"[T12 W: 0, T69 W: 15.0, T54 W: 4.0, T28 W: 0]",0.33
erdos-renyi,75,25,37.0,0.0037871033776867963,1.0019447287615149,24,24,"[T50 W: 0, T34 W: 7.0, T66 W: 10.0, T74 W: 0]",0.33
erdos-renyi,75,34,56.0,0.004249506753680376,0.9898315374108363,24,24,"[T35 W: 0, T37 W: 17.0, T12 W: 10.0, T70 W: 0]",0.45
erdos-renyi,75,34,60.0,0.004713275726630008,0.958051846032993,24,24,"[T30 W: 0, T47 W: 9.0, T45 W: 8.0, T35 W: 0]",0.45
erdos-renyi,75,34,60.0,0.004512635379061372,1.0060168471720818,24,24,"[T10 W: 0, T60 W: 12.0, T47 W: 1.0, T39 W: 11.0, T33 W: 0]",0.45
erdos-renyi,75,34,55.0,0.004337539432176656,1.0608044164037855,24,24,"[T40 W: 0, T71 W: 9.0, T26 W: 3.0, T7 W: 10.0, T69 W: 0]",0.45
erdos-renyi,75,34,52.0,0.004117833386126069,0.9693538169147925,24,24,"[T1 W: 0, T63 W: 11.0, T62 W: 12.0, T53 W: 0]",0.45
erdos-renyi,75,19,32.0,0.004664723032069971,0.8580174927113703,48,48,"[T34 W: 0, T20 W: 16.0, T35 W: 0]",0.25
erdos-renyi,75,19,28.0,0.004204204204204204,0.8478978978978979,48,48,"[T7 W: 0, T74 W: 12.0, T35 W: 0]",0.25
erdos-renyi,75,19,33.0,0.004800698283386674,0.8532150130928134,48,48,"[T4 W: 0, T74 W: 17.0, T50 W: 0]",0.25
erdos-renyi,75,19,31.0,0.004441260744985674,0.8722063037249284,48,48,"[T15 W: 0, T7 W: 17.0, T39 W: 0]",0.25
erdos-renyi,75,19,28.0,0.0038684719535783366,0.8534125449019067,48,48,"[T22 W: 0, T37 W: 15.0, T48 W: 0]",0.25
erdos-renyi,75,25,29.0,0.0031987646150452237,0.8788881535407015,48,48,"[T34 W: 0, T53 W: 14.0, T49 W: 0]",0.33
erdos-renyi,75,25,28.0,0.0031645569620253164,0.877373417721519,48,48,"[T6 W: 0, T23 W: 14.0, T44 W: 0]",0.33
erdos-renyi,75,25,34.0,0.0036804503139207623,0.8339467417189868,48,48,"[T35 W: 0, T62 W: 17.0, T55 W: 0]",0.33
erdos-renyi,75,25,35.0,0.0036888701517706576,1.0154932546374367,48,48,"[T7 W: 0, T8 W: 17.0, T19 W: 0]",0.33
erdos-renyi,75,25,31.0,0.0033405172413793105,0.8788793103448276,48,48,"[T2 W: 0, T39 W: 14.0, T47 W: 0]",0.33
erdos-renyi,75,34,34.0,0.0027655767040832926,0.9090613307304376,48,48,"[T58 W: 0, T2 W: 16.0, T72 W: 0]",0.45
erdos-renyi,75,34,36.0,0.0028120606155288236,0.9484455553819716,48,48,"[T22 W: 0, T65 W: 18.0, T69 W: 0]",0.45
erdos-renyi,75,34,35.0,0.0028212155408673225,0.8922295663388683,48,48,"[T20 W: 0, T73 W: 18.0, T51 W: 0]",0.45
erdos-renyi,75,34,33.0,0.002543940795559667,0.9717853839037928,48,48,"[T14 W: 0, T60 W: 16.0, T65 W: 0]",0.45
erdos-renyi,75,34,33.0,0.0025984251968503938,1.0115748031496063,48,48,"[T29 W: 0, T74 W: 16.0, T45 W: 0]",0.45
erdos-renyi,100,25,82.0,0.006858481097356975,1.1197724991635998,10,10,"[T11 W: 0, T18 W: 14.0, T77 W: 2.0, T97 W: 18.0, T74 W: 0]",0.25
erdos-renyi,100,25,100.0,0.008030838419530999,0.9906039190491487,10,10,"[T7 W: 0, T0 W: 7.0, T46 W: 6.0, T0 W: 16.0, T61 W: 0]",0.25
erdos-renyi,100,25,88.0,0.006968641114982578,0.9935856826100729,10,10,"[T51 W: 0, T19 W: 16.0, T42 W: 9.0, T47 W: 16.0, T97 W: 0]",0.25
erdos-renyi,100,25,83.0,0.006876553438276719,1.0293289146644573,10,10,"[T2 W: 0, T54 W: 14.0, T45 W: 7.0, T69 W: 14.0, T83 W: 0]",0.25
erdos-renyi,100,25,100.0,0.008034709946970914,1.0100433874337136,10,10,"[T36 W: 0, T52 W: 8.0, T2 W: 12.0, T39 W: 12.0, T48 W: 0]",0.25
erdos-renyi,100,33,143.0,0.00870995249116823,1.1530637105615789,10,10,"[T1 W: 0, T36 W: 16.0, T88 W: 3.0, T7 W: 12.0, T76 W: 8.0, T42 W: 0]",0.33
erdos-renyi,100,33,125.0,0.007952665733553887,1.0669296348135895,10,10,"[T14 W: 0, T61 W: 16.0, T82 W: 6.0, T60 W: 5.0, T7 W: 14.0, T95 W: 0]",0.33
erdos-renyi,100,33,119.0,0.007487102051088461,1.045111362778407,10,10,"[T57 W: 0, T3 W: 12.0, T82 W: 8.0, T56 W: 1.0, T1 W: 10.0, T3 W: 14.0, T70 W: 0]",0.33
erdos-renyi,100,33,138.0,0.008157956963821234,1.0721210688105935,10,10,"[T11 W: 0, T47 W: 18.0, T23 W: 8.0, T39 W: 1.0, T85 W: 9.0, T81 W: 0]",0.33
erdos-renyi,100,33,125.0,0.007460904858541244,1.101468306076161,10,10,"[T53 W: 0, T98 W: 18.0, T94 W: 4.0, T22 W: 2.0, T45 W: 12.0, T75 W: 15.0, T65 W: 0]",0.33
erdos-renyi,100,45,205.0,0.009132216678545973,1.2371258018531717,10,10,"[T4 W: 0, T31 W: 14.0, T70 W: 11.0, T88 W: 7.0, T95 W: 9.0, T91 W: 0]",0.45
erdos-renyi,100,45,181.0,0.008271638789872955,1.1632848916918015,10,10,"[T69 W: 0, T58 W: 18.0, T67 W: 8.0, T89 W: 5.0, T20 W: 13.0, T86 W: 9.0, T92 W: 0]",0.45
erdos-renyi,100,45,205.0,0.008872154418765689,1.213754003289189,10,10,"[T73 W: 0, T47 W: 7.0, T19 W: 7.0, T8 W: 4.0, T19 W: 9.0, T75 W: 0]",0.45
erdos-renyi,100,45,188.0,0.008526850507982584,1.1511701741654572,10,10,"[T75 W: 0, T37 W: 18.0, T15 W: 12.0, T35 W: 6.0, T22 W: 14.0, T88 W: 0]",0.45
erdos-renyi,100,45,195.0,0.008622214361513973,1.345551821719137,10,10,"[T5 W: 0, T37 W: 11.0, T89 W: 10.0, T38 W: 12.0, T20 W: 9.0, T8 W: 0]",0.45
erdos-renyi,100,25,71.0,0.005574748743718593,0.8948649497487438,16,16,"[T75 W: 0, T13 W: 12.0, T88 W: 6.0, T13 W: 14.0, T86 W: 0]",0.25
erdos-renyi,100,25,58.0,0.004788639365918098,0.9341149273447821,16,16,"[T81 W: 0, T36 W: 5.0, T50 W: 5.0, T4 W: 16.0, T96 W: 0]",0.25
erdos-renyi,100,25,57.0,0.004694449019930819,0.8939219239005106,16,16,"[T34 W: 0, T57 W: 5.0, T63 W: 4.0, T24 W: 10.0, T67 W: 0]",0.25
erdos-renyi,100,25,62.0,0.004811423250038802,0.926819804438926,16,16,"[T60 W: 0, T0 W: 10.0, T80 W: 4.0, T0 W: 10.0, T71 W: 0]",0.25
erdos-renyi,100,25,55.0,0.004590218661325321,0.8767317643131364,16,16,"[T35 W: 0, T63 W: 14.0, T28 W: 14.0, T79 W: 0]",0.25
erdos-renyi,100,33,76.0,0.00468557336621455,0.9588779284833538,16,16,"[T52 W: 0, T96 W: 13.0, T66 W: 12.0, T83 W: 0]",0.33
erdos-renyi,100,33,85.0,0.005116167087998074,0.9974720115565185,16,16,"[T8 W: 0, T66 W: 16.0, T78 W: 5.0, T0 W: 12.0, T29 W: 0]",0.33
erdos-renyi,100,33,84.0,0.005076142131979695,1.1058738216098623,16,16,"[T1 W: 0, T69 W: 16.0, T55 W: 16.0, T30 W: 0]",0.33
erdos-renyi,100,33,80.0,0.004984423676012461,0.9413084112149532,16,16,"[T50 W: 0, T32 W: 12.0, T98 W: 10.0, T25 W: 14.0, T76 W: 0]",0.33
erdos-renyi,100,33,73.0,0.00446319393494742,1.0390070921985815,16,16,"[T34 W: 0, T15 W: 15.0, T59 W: 7.0, T47 W: 12.0, T88 W: 0]",0.33
erdos-renyi,100,45,110.0,0.0048060118839566585,1.1568507514854947,16,16,"[T15 W: 0, T37 W: 13.0, T44 W: 11.0, T34 W: 8.0, T63 W: 0]",0.45
erdos-renyi,100,45,114.0,0.005025125628140704,1.0876752181962444,16,16,"[T24 W: 0, T68 W: 14.0, T81 W: 1.0, T68 W: 9.0, T84 W: 0]",0.45
erdos-renyi,100,45,116.0,0.005149147727272727,1.0536665482954546,16,16,"[T84 W: 0, T9 W: 7.0, T91 W: 12.0, T83 W: 2.0, T7 W: 12.0, T98 W: 0]",0.45
erdos-renyi,100,45,134.0,0.005897368189419945,1.1535956341871314,16,16,"[T16 W: 0, T23 W: 13.0, T25 W: 7.0, T23 W: 18.0, T71 W: 0]",0.45
erdos-renyi,100,45,111.0,0.004882125263898663,1.073319845179451,16,16,"[T24 W: 0, T52 W: 14.0, T7 W: 3.0, T46 W: 1.0, T71 W: 4.0, T14 W: 8.0, T72 W: 0]",0.45
erdos-renyi,100,25,29.0,0.00237354722540514,0.8209199541659846,24,24,"[T5 W: 0, T43 W: 4.0, T20 W: 4.0, T97 W: 0]",0.25
erdos-renyi,100,25,47.0,0.003700204692174461,0.8281373012124075,24,24,"[T3 W: 0, T35 W: 9.0, T11 W: 9.0, T15 W: 0]",0.25
erdos-renyi,100,25,41.0,0.0033209136562449377,0.7981532480155515,24,24,"[T4 W: 0, T59 W: 14.0, T19 W: 2.0, T9 W: 0]",0.25
erdos-renyi,100,25,38.0,0.003043896187119513,0.8031079782121116,24,24,"[T62 W: 0, T26 W: 14.0, T74 W: 6.0, T75 W: 0]",0.25
erdos-renyi,100,25,48.0,0.003811338732729871,0.8439733206288709,24,24,"[T37 W: 0, T85 W: 17.0, T68 W: 5.0, T93 W: 0]",0.25
erdos-renyi,100,33,54.0,0.0032596885186526622,0.9480864421103465,24,24,"[T22 W: 0, T97 W: 8.0, T30 W: 12.0, T73 W: 0]",0.33
erdos-renyi,100,33,53.0,0.003355704697986577,0.8966696213752058,24,24,"[T18 W: 0, T2 W: 17.0, T55 W: 14.0, T72 W: 0]",0.33
erdos-renyi,100,33,56.0,0.003418803418803419,0.9031135531135531,24,24,"[T0 W: 0, T94 W: 5.0, T47 W: 9.0, T92 W: 10.0, T76 W: 0]",0.33
erdos-renyi,100,33,49.0,0.0031253986477867077,0.9437428243398392,24,24,"[T13 W: 0, T63 W: 9.0, T21 W: 14.0, T58 W: 0]",0.33
erdos-renyi,100,33,48.0,0.0029640607632456465,0.8845868840311226,24,24,"[T43 W: 0, T7 W: 8.0, T24 W: 5.0, T92 W: 12.0, T60 W: 0]",0.33
erdos-renyi,100,45,92.0,0.003962101636520241,1.0229543496985358,24,24,"[T24 W: 0, T68 W: 15.0, T27 W: 1.0, T53 W: 15.0, T37 W: 0]",0.45
erdos-renyi,100,45,72.0,0.003311867525298988,1.0073597056117756,24,24,"[T64 W: 0, T21 W: 12.0, T18 W: 9.0, T36 W: 8.0, T94 W: 0]",0.45
erdos-renyi,100,45,73.0,0.003284146122008278,0.9850188950872774,24,24,"[T5 W: 0, T16 W: 11.0, T82 W: 11.0, T86 W: 14.0, T69 W: 0]",0.45
erdos-renyi,100,45,74.0,0.0033249460819554278,0.9901599568655644,24,24,"[T16 W: 0, T42 W: 14.0, T75 W: 5.0, T18 W: 7.0, T95 W: 0]",0.45
erdos-renyi,100,45,78.0,0.003457446808510638,0.9710992907801419,24,24,"[T0 W: 0, T6 W: 6.0, T90 W: 7.0, T28 W: 14.0, T83 W: 0]",0.45
erdos-renyi,100,25,35.0,0.0029635901778154107,0.7983065198983912,48,48,"[T47 W: 0, T27 W: 17.0, T99 W: 0]",0.25
erdos-renyi,100,25,28.0,0.0023083264633140975,0.8642209398186315,48,48,"[T76 W: 0, T29 W: 13.0, T85 W: 0]",0.25
erdos-renyi,100,25,33.0,0.0026395776675731883,0.7640377539593665,48,48,"[T77 W: 0, T88 W: 16.0, T82 W: 0]",0.25
erdos-renyi,100,25,31.0,0.0026098669809732277,0.7912106415221418,48,48,"[T48 W: 0, T58 W: 16.0, T52 W: 0]",0.25
erdos-renyi,100,25,34.0,0.0028234512539445276,0.7760338814150474,48,48,"[T23 W: 0, T84 W: 17.0, T95 W: 0]",0.25
erdos-renyi,100,33,36.0,0.002171552660152009,0.8814694173000361,48,48,"[T26 W: 0, T17 W: 18.0, T88 W: 0]",0.33
erdos-renyi,100,33,33.0,0.001986994219653179,0.8929431599229287,48,48,"[T14 W: 0, T83 W: 16.0, T84 W: 0]",0.33
erdos-renyi,100,33,33.0,0.001991550995775498,0.8955340977670488,48,48,"[T46 W: 0, T7 W: 16.0, T69 W: 0]",0.33
erdos-renyi,100,33,32.0,0.001984865401314973,0.8904602406649299,48,48,"[T19 W: 0, T8 W: 16.0, T41 W: 0]",0.33
erdos-renyi,100,33,33.0,0.0020112140419307656,0.8581789371038517,48,48,"[T10 W: 0, T81 W: 16.0, T86 W: 0]",0.33
erdos-renyi,100,45,36.0,0.001635322976287817,0.9057872263105297,48,48,"[T69 W: 0, T30 W: 18.0, T92 W: 0]",0.45
erdos-renyi,100,45,35.0,0.0015511434142882468,1.0346126573302605,48,48,"[T4 W: 0, T79 W: 17.0, T17 W: 0]",0.45
erdos-renyi,100,45,34.0,0.0014515027322404373,0.9076588114754098,48,48,"[T50 W: 0, T76 W: 16.0, T70 W: 0]",0.45
erdos-renyi,100,45,40.0,0.0017942047187584104,0.9027989593612631,48,48,"[T18 W: 0, T34 W: 14.0, T8 W: 1.0, T51 W: 0]",0.45
erdos-renyi,100,45,41.0,0.0017778163212210563,0.9325730639146648,48,48,"[T5 W: 0, T81 W: 12.0, T24 W: 2.0, T50 W: 0]",0.45
erdos-renyi,125,32,107.0,0.005583385514506366,0.9841369233980379,10,10,"[T14 W: 0, T23 W: 14.0, T106 W: 8.0, T90 W: 2.0, T55 W: 3.0, T40 W: 16.0, T15 W: 0]",0.25
erdos-renyi,125,32,144.0,0.007174172977281785,1.0251096054204862,10,10,"[T36 W: 0, T102 W: 7.0, T68 W: 7.0, T98 W: 13.0, T54 W: 16.0, T117 W: 0]",0.25
erdos-renyi,125,32,138.0,0.007204009187721862,0.9985383169764043,10,10,"[T1 W: 0, T20 W: 7.0, T77 W: 2.0, T60 W: 1.0, T38 W: 15.0, T47 W: 13.0, T97 W: 0]",0.25
erdos-renyi,125,32,121.0,0.006090195288906784,0.9820314072881015,10,10,"[T4 W: 0, T92 W: 8.0, T110 W: 3.0, T75 W: 3.0, T18 W: 18.0, T69 W: 0]",0.25
erdos-renyi,125,32,147.0,0.007078197226502311,1.0145416024653313,10,10,"[T43 W: 0, T65 W: 9.0, T94 W: 5.0, T89 W: 2.0, T33 W: 8.0, T77 W: 10.0, T116 W: 0]",0.25
erdos-renyi,125,42,210.0,0.008162947990359947,1.07677058229029,10,10,"[T48 W: 0, T8 W: 15.0, T110 W: 16.0, T83 W: 2.0, T110 W: 7.0, T109 W: 18.0, T113 W: 0]",0.33
erdos-renyi,125,42,173.0,0.006727852531694797,1.1833631484794276,10,10,"[T36 W: 0, T61 W: 18.0, T0 W: 9.0, T121 W: 5.0, T98 W: 9.0, T90 W: 0]",0.33
erdos-renyi,125,42,186.0,0.007036924939467312,1.2378934624697338,10,10,"[T66 W: 0, T20 W: 8.0, T123 W: 5.0, T18 W: 5.0, T9 W: 6.0, T7 W: 18.0, T102 W: 0]",0.33
erdos-renyi,125,42,199.0,0.007523629489603024,1.131039697542533,10,10,"[T86 W: 0, T77 W: 14.0, T104 W: 7.0, T28 W: 1.0, T30 W: 11.0, T24 W: 16.0, T119 W: 0]",0.33
erdos-renyi,125,42,200.0,0.007569449701006737,1.170728938006207,10,10,"[T89 W: 0, T26 W: 13.0, T31 W: 13.0, T52 W: 2.0, T21 W: 3.0, T99 W: 12.0, T122 W: 0]",0.33
erdos-renyi,125,57,259.0,0.007204450625869263,1.3731849791376913,10,10,"[T40 W: 0, T65 W: 18.0, T48 W: 9.0, T65 W: 11.0, T57 W: 10.0, T95 W: 0]",0.45
erdos-renyi,125,57,248.0,0.0070578860492913655,1.2352723547156925,10,10,"[T17 W: 0, T95 W: 12.0, T42 W: 14.0, T101 W: 3.0, T33 W: 4.0, T15 W: 14.0, T40 W: 0]",0.45
erdos-renyi,125,57,305.0,0.008478345471729582,1.3758547840106743,10,10,"[T13 W: 0, T88 W: 18.0, T11 W: 7.0, T100 W: 2.0, T7 W: 14.0, T9 W: 18.0, T93 W: 0]",0.45
erdos-renyi,125,57,244.0,0.006989801764638478,1.2677896184255757,10,10,"[T63 W: 0, T124 W: 18.0, T9 W: 13.0, T86 W: 14.0, T70 W: 17.0, T76 W: 0]",0.45
erdos-renyi,125,57,266.0,0.007499718055712192,1.2240047366640352,10,10,"[T14 W: 0, T52 W: 14.0, T2 W: 12.0, T67 W: 5.0, T113 W: 16.0, T107 W: 14.0, T119 W: 0]",0.45
erdos-renyi,125,32,72.0,0.0036708473539308656,0.9298460283470991,16,16,"[T31 W: 0, T41 W: 8.0, T80 W: 4.0, T124 W: 16.0, T37 W: 0]",0.25
erdos-renyi,125,32,79.0,0.0038364413364413365,1.071872571872572,16,16,"[T37 W: 0, T1 W: 12.0, T123 W: 6.0, T26 W: 9.0, T92 W: 0]",0.25
erdos-renyi,125,32,81.0,0.004035070240111587,0.92363255952974,16,16,"[T29 W: 0, T2 W: 18.0, T9 W: 7.0, T2 W: 5.0, T115 W: 0]",0.25
erdos-renyi,125,32,79.0,0.004004460665044607,1.075831305758313,16,16,"[T1 W: 0, T91 W: 5.0, T16 W: 4.0, T10 W: 10.0, T65 W: 0]",0.25
erdos-renyi,125,32,74.0,0.003641732283464567,0.8961614173228346,16,16,"[T0 W: 0, T21 W: 16.0, T39 W: 9.0, T63 W: 12.0, T102 W: 0]",0.25
erdos-renyi,125,42,104.0,0.003883205137779105,1.1943469494436563,16,16,"[T60 W: 0, T7 W: 17.0, T6 W: 2.0, T8 W: 5.0, T23 W: 7.0, T113 W: 0]",0.33
erdos-renyi,125,42,117.0,0.00435656836461126,0.9776586237712243,16,16,"[T17 W: 0, T80 W: 16.0, T78 W: 5.0, T94 W: 18.0, T88 W: 0]",0.33
erdos-renyi,125,42,109.0,0.0041247256489820635,1.0441610535079089,16,16,"[T50 W: 0, T48 W: 14.0, T112 W: 5.0, T55 W: 6.0, T110 W: 9.0, T56 W: 0]",0.33
erdos-renyi,125,42,103.0,0.0039670312740717915,1.002811585271915,16,16,"[T20 W: 0, T79 W: 14.0, T48 W: 16.0, T27 W: 0]",0.33
erdos-renyi,125,42,109.0,0.0041413373860182375,1.0265957446808511,16,16,"[T69 W: 0, T87 W: 14.0, T54 W: 5.0, T51 W: 18.0, T95 W: 0]",0.33
erdos-renyi,125,57,138.0,0.003907356022424826,1.171951979160768,16,16,"[T73 W: 0, T83 W: 9.0, T112 W: 8.0, T122 W: 4.0, T23 W: 5.0, T109 W: 18.0, T87 W: 0]",0.45
erdos-renyi,125,57,161.0,0.004544428135937677,1.1955233148921758,16,16,"[T54 W: 0, T76 W: 8.0, T26 W: 14.0, T21 W: 3.0, T9 W: 10.0, T64 W: 0]",0.45
erdos-renyi,125,57,159.0,0.00455274309930134,1.0956935058985224,16,16,"[T4 W: 0, T94 W: 11.0, T82 W: 6.0, T94 W: 4.0, T76 W: 14.0, T87 W: 0]",0.45
erdos-renyi,125,57,146.0,0.004172620748785367,1.1059731351814803,16,16,"[T72 W: 0, T13 W: 16.0, T61 W: 14.0, T57 W: 10.0, T80 W: 9.0, T115 W: 0]",0.45
erdos-renyi,125,57,144.0,0.004035422037888129,1.1369521354108283,16,16,"[T17 W: 0, T27 W: 12.0, T15 W: 5.0, T84 W: 2.0, T5 W: 8.0, T104 W: 14.0, T116 W: 0]",0.45
erdos-renyi,125,32,46.0,0.002383419689119171,0.8773056994818653,24,24,"[T45 W: 0, T61 W: 14.0, T69 W: 10.0, T122 W: 0]",0.25
erdos-renyi,125,32,58.0,0.002879555158375534,0.8501141892562805,24,24,"[T57 W: 0, T119 W: 16.0, T70 W: 12.0, T81 W: 0]",0.25
erdos-renyi,125,32,48.0,0.002389010551463269,0.8647222775233924,24,24,"[T43 W: 0, T12 W: 13.0, T76 W: 14.0, T107 W: 0]",0.25
erdos-renyi,125,32,52.0,0.002565367538233843,0.9159842131228416,24,24,"[T9 W: 0, T124 W: 8.0, T79 W: 14.0, T116 W: 0]",0.25
erdos-renyi,125,32,50.0,0.002533698185872099,0.8487888922671531,24,24,"[T73 W: 0, T17 W: 10.0, T96 W: 6.0, T78 W: 8.0, T88 W: 0]",0.25
erdos-renyi,125,42,69.0,0.0026138343813925297,0.9888627926358058,24,24,"[T39 W: 0, T47 W: 18.0, T48 W: 2.0, T97 W: 14.0, T83 W: 0]",0.33
erdos-renyi,125,42,69.0,0.0026337888388426596,0.9659515993587297,24,24,"[T49 W: 0, T100 W: 12.0, T4 W: 6.0, T113 W: 10.0, T64 W: 0]",0.33
erdos-renyi,125,42,59.0,0.002264353699723672,0.9198265274792754,24,24,"[T48 W: 0, T41 W: 18.0, T110 W: 2.0, T41 W: 12.0, T114 W: 0]",0.33
erdos-renyi,125,42,71.0,0.0026546025573917593,0.9872504299708368,24,24,"[T23 W: 0, T115 W: 11.0, T65 W: 6.0, T58 W: 11.0, T49 W: 0]",0.33
erdos-renyi,125,42,68.0,0.0026608232900297386,0.9157536390671467,24,24,"[T37 W: 0, T29 W: 10.0, T12 W: 9.0, T79 W: 14.0, T91 W: 0]",0.33
erdos-renyi,125,57,98.0,0.002686108979278588,1.0464587216314,24,24,"[T12 W: 0, T69 W: 12.0, T82 W: 11.0, T121 W: 16.0, T19 W: 0]",0.45
erdos-renyi,125,57,92.0,0.002619589977220957,1.087642369020501,24,24,"[T7 W: 0, T40 W: 12.0, T49 W: 7.0, T24 W: 16.0, T108 W: 0]",0.45
erdos-renyi,125,57,93.0,0.002667049039288787,1.040235159162604,24,24,"[T52 W: 0, T43 W: 17.0, T73 W: 18.0, T94 W: 0]",0.45
erdos-renyi,125,57,94.0,0.0026469925658932194,1.176757152511827,24,24,"[T22 W: 0, T60 W: 14.0, T70 W: 4.0, T99 W: 9.0, T87 W: 0]",0.45
erdos-renyi,125,57,113.0,0.0032293095564700502,1.0920781893004115,24,24,"[T36 W: 0, T62 W: 10.0, T112 W: 4.0, T96 W: 9.0, T63 W: 0]",0.45
erdos-renyi,125,32,32.0,0.0016176321908805986,0.8401071681326459,48,48,"[T53 W: 0, T122 W: 17.0, T84 W: 0]",0.25
erdos-renyi,125,32,31.0,0.0016353661109938806,0.8776113104030386,48,48,"[T82 W: 0, T124 W: 17.0, T98 W: 0]",0.25
erdos-renyi,125,32,30.0,0.0015586034912718205,0.8198773898586866,48,48,"[T65 W: 0, T28 W: 16.0, T100 W: 0]",0.25
erdos-renyi,125,32,35.0,0.00178280358598207,0.846016707416463,48,48,"[T48 W: 0, T3 W: 18.0, T57 W: 0]",0.25
erdos-renyi,125,32,35.0,0.0018164832883537472,0.8848868590408968,48,48,"[T11 W: 0, T119 W: 17.0, T117 W: 0]",0.25
erdos-renyi,125,42,33.0,0.0012710885139819736,0.8599106386256837,48,48,"[T38 W: 0, T19 W: 16.0, T102 W: 0]",0.33
erdos-renyi,125,42,32.0,0.0012032789350981425,0.8815898322929984,48,48,"[T27 W: 0, T83 W: 18.0, T78 W: 0]",0.33
erdos-renyi,125,42,35.0,0.0013281724347298117,0.8419854280510018,48,48,"[T25 W: 0, T72 W: 9.0, T20 W: 6.0, T76 W: 0]",0.33
erdos-renyi,125,42,34.0,0.0012947448591012947,0.8824067022086824,48,48,"[T97 W: 0, T42 W: 17.0, T99 W: 0]",0.33
erdos-renyi,125,42,30.0,0.0011430313190581422,0.8764383144098148,48,48,"[T11 W: 0, T113 W: 17.0, T53 W: 0]",0.33
erdos-renyi,125,57,49.0,0.0013870803374285228,0.9293721338390987,48,48,"[T12 W: 0, T20 W: 17.0, T34 W: 7.0, T60 W: 0]",0.45
erdos-renyi,125,57,49.0,0.0013929160270623685,0.9595770083574962,48,48,"[T52 W: 0, T118 W: 16.0, T101 W: 12.0, T113 W: 0]",0.45
erdos-renyi,125,57,52.0,0.0014661929735521344,0.914396887159533,48,48,"[T4 W: 0, T117 W: 17.0, T100 W: 10.0, T64 W: 0]",0.45
erdos-renyi,125,57,46.0,0.0012965050732807214,0.9203776775648252,48,48,"[T89 W: 0, T93 W: 17.0, T99 W: 9.0, T95 W: 0]",0.45
erdos-renyi,125,57,53.0,0.0015182766128108171,0.9087028761315458,48,48,"[T68 W: 0, T86 W: 16.0, T7 W: 6.0, T90 W: 0]",0.45
erdos-renyi,150,38,169.0,0.005923589204346302,1.0789344549596915,10,10,"[T3 W: 0, T44 W: 9.0, T24 W: 6.0, T44 W: 10.0, T39 W: 16.0, T96 W: 0]",0.25
erdos-renyi,150,38,173.0,0.0061649205331052665,1.0503527902501604,10,10,"[T66 W: 0, T26 W: 10.0, T4 W: 7.0, T42 W: 4.0, T22 W: 16.0, T119 W: 0]",0.25
erdos-renyi,150,38,164.0,0.0056256860592755215,1.0700809549945116,10,10,"[T4 W: 0, T98 W: 12.0, T45 W: 9.0, T93 W: 3.0, T2 W: 12.0, T97 W: 18.0, T34 W: 0]",0.25
erdos-renyi,150,38,153.0,0.005470537757437071,1.08820795194508,10,10,"[T60 W: 0, T49 W: 13.0, T22 W: 6.0, T147 W: 4.0, T52 W: 18.0, T61 W: 0]",0.25
erdos-renyi,150,38,143.0,0.0050810119386014785,1.102828311540648,10,10,"[T14 W: 0, T99 W: 14.0, T142 W: 8.0, T92 W: 2.0, T64 W: 10.0, T137 W: 18.0, T66 W: 0]",0.25
erdos-renyi,150,50,246.0,0.0064941921858500526,1.1880147835269272,10,10,"[T43 W: 0, T46 W: 18.0, T29 W: 16.0, T108 W: 3.0, T72 W: 7.0, T59 W: 9.0, T75 W: 0]",0.33
erdos-renyi,150,50,205.0,0.005638994333498377,1.1469164328547066,10,10,"[T101 W: 0, T12 W: 17.0, T147 W: 10.0, T115 W: 2.0, T85 W: 14.0, T91 W: 9.0, T132 W: 0]",0.33
erdos-renyi,150,50,242.0,0.00629618066396087,1.237511707773962,10,10,"[T44 W: 0, T13 W: 8.0, T98 W: 16.0, T54 W: 2.0, T6 W: 14.0, T19 W: 16.0, T129 W: 0]",0.33
erdos-renyi,150,50,224.0,0.005957446808510639,1.1751063829787234,10,10,"[T90 W: 0, T105 W: 17.0, T9 W: 10.0, T85 W: 5.0, T95 W: 16.0, T78 W: 18.0, T91 W: 0]",0.33
erdos-renyi,150,50,216.0,0.005918132500410981,1.165104937256836,10,10,"[T38 W: 0, T105 W: 18.0, T130 W: 7.0, T89 W: 10.0, T76 W: 18.0, T102 W: 0]",0.33
erdos-renyi,150,68,319.0,0.006342200485108752,1.2919002743647858,10,10,"[T11 W: 0, T127 W: 17.0, T104 W: 6.0, T142 W: 1.0, T144 W: 1.0, T71 W: 9.0, T10 W: 14.0, T114 W: 9.0, T126 W: 0]",0.45
erdos-renyi,150,68,317.0,0.0062757364586632875,1.2949398162812797,10,10,"[T29 W: 0, T106 W: 15.0, T138 W: 14.0, T145 W: 10.0, T28 W: 2.0, T85 W: 14.0, T112 W: 18.0, T103 W: 0]",0.45
erdos-renyi,150,68,318.0,0.006092187440131806,1.3183646883022337,10,10,"[T17 W: 0, T44 W: 8.0, T122 W: 16.0, T139 W: 3.0, T79 W: 12.0, T19 W: 13.0, T67 W: 0]",0.45
erdos-renyi,150,68,356.0,0.007028350311932402,1.3823935876174682,10,10,"[T47 W: 0, T114 W: 9.0, T100 W: 14.0, T104 W: 1.0, T7 W: 8.0, T69 W: 18.0, T66 W: 0]",0.45
erdos-renyi,150,68,322.0,0.006459637297384048,1.3450690097897608,10,10,"[T114 W: 0, T133 W: 9.0, T75 W: 12.0, T8 W: 2.0, T24 W: 14.0, T85 W: 12.0, T136 W: 0]",0.45
erdos-renyi,150,38,90.0,0.003232294210601925,0.9434348513144664,16,16,"[T99 W: 0, T37 W: 14.0, T106 W: 5.0, T104 W: 7.0, T135 W: 0]",0.25
erdos-renyi,150,38,89.0,0.0031876790830945557,0.9958452722063037,16,16,"[T13 W: 0, T122 W: 14.0, T32 W: 3.0, T122 W: 18.0, T21 W: 0]",0.25
erdos-renyi,150,38,99.0,0.003597906672481465,0.924407617386248,16,16,"[T73 W: 0, T12 W: 14.0, T125 W: 9.0, T12 W: 16.0, T87 W: 0]",0.25
erdos-renyi,150,38,97.0,0.00342998585572843,0.9618458274398869,16,16,"[T96 W: 0, T86 W: 14.0, T38 W: 8.0, T106 W: 18.0, T119 W: 0]",0.25
erdos-renyi,150,38,90.0,0.0031058044033404654,0.9577955690523846,16,16,"[T17 W: 0, T58 W: 16.0, T142 W: 2.0, T40 W: 9.0, T101 W: 12.0, T104 W: 0]",0.25
erdos-renyi,150,50,118.0,0.0031560928640205414,1.0829945437038622,16,16,"[T21 W: 0, T70 W: 18.0, T30 W: 8.0, T33 W: 16.0, T113 W: 0]",0.33
erdos-renyi,150,50,141.0,0.0036758955107148443,1.077793419886334,16,16,"[T50 W: 0, T3 W: 8.0, T112 W: 11.0, T23 W: 6.0, T142 W: 18.0, T134 W: 0]",0.33
erdos-renyi,150,50,120.0,0.0032665505226480837,1.0929878048780488,16,16,"[T29 W: 0, T91 W: 8.0, T66 W: 2.0, T147 W: 2.0, T53 W: 16.0, T124 W: 0]",0.33
erdos-renyi,150,50,150.0,0.004034861200774694,1.134091887239079,16,16,"[T81 W: 0, T94 W: 17.0, T128 W: 3.0, T141 W: 1.0, T101 W: 8.0, T69 W: 16.0, T110 W: 0]",0.33
erdos-renyi,150,50,125.0,0.003272593988899361,1.076578699340245,16,16,"[T83 W: 0, T6 W: 16.0, T10 W: 13.0, T65 W: 13.0, T148 W: 0]",0.33
erdos-renyi,150,68,181.0,0.0035490196078431374,1.1652745098039217,16,16,"[T21 W: 0, T65 W: 11.0, T58 W: 8.0, T43 W: 3.0, T52 W: 4.0, T105 W: 8.0, T59 W: 0]",0.45
erdos-renyi,150,68,192.0,0.0037747719408619063,1.1613518402013212,16,16,"[T61 W: 0, T67 W: 12.0, T132 W: 12.0, T48 W: 6.0, T13 W: 6.0, T23 W: 17.0, T114 W: 0]",0.45
erdos-renyi,150,68,188.0,0.0037710113531512013,1.1801460263970796,16,16,"[T25 W: 0, T136 W: 18.0, T132 W: 7.0, T126 W: 3.0, T12 W: 12.0, T46 W: 18.0, T43 W: 0]",0.45
erdos-renyi,150,68,193.0,0.0038186063076253414,1.145166396264493,16,16,"[T29 W: 0, T124 W: 18.0, T7 W: 10.0, T127 W: 7.0, T85 W: 11.0, T48 W: 16.0, T120 W: 0]",0.45
erdos-renyi,150,68,200.0,0.0039073184073770174,1.1829992576095025,16,16,"[T4 W: 0, T20 W: 18.0, T146 W: 12.0, T104 W: 12.0, T12 W: 8.0, T127 W: 0]",0.45
erdos-renyi,150,38,62.0,0.0021614837540092037,0.917549853576907,24,24,"[T90 W: 0, T110 W: 15.0, T143 W: 8.0, T142 W: 0]",0.25
erdos-renyi,150,38,59.0,0.0021341242856109384,0.8801996672212978,24,24,"[T53 W: 0, T1 W: 12.0, T20 W: 6.0, T108 W: 0]",0.25
erdos-renyi,150,38,62.0,0.0021254713747000343,0.8859444634898869,24,24,"[T127 W: 0, T123 W: 18.0, T124 W: 10.0, T141 W: 0]",0.25
erdos-renyi,150,38,63.0,0.002190390098046033,0.9140880328210834,24,24,"[T9 W: 0, T38 W: 6.0, T7 W: 8.0, T80 W: 5.0, T42 W: 0]",0.25
erdos-renyi,150,38,62.0,0.0022465396043191534,0.9720631929849989,24,24,"[T70 W: 0, T64 W: 7.0, T128 W: 6.0, T64 W: 16.0, T95 W: 0]",0.25
erdos-renyi,150,50,80.0,0.0021081479919890377,0.9613154843470012,24,24,"[T26 W: 0, T83 W: 9.0, T130 W: 3.0, T105 W: 14.0, T88 W: 0]",0.33
erdos-renyi,150,50,82.0,0.0021517791539834154,0.9815524299359715,24,24,"[T68 W: 0, T64 W: 13.0, T106 W: 8.0, T103 W: 15.0, T124 W: 0]",0.33
erdos-renyi,150,50,81.0,0.0021442185514612454,1.0547437526471835,24,24,"[T1 W: 0, T78 W: 6.0, T119 W: 11.0, T131 W: 14.0, T35 W: 0]",0.33
erdos-renyi,150,50,78.0,0.0020899201543325653,1.0666630941535824,24,24,"[T110 W: 0, T138 W: 14.0, T22 W: 1.0, T131 W: 12.0, T129 W: 0]",0.33
erdos-renyi,150,50,79.0,0.0021653327486021267,0.9545006030040566,24,24,"[T48 W: 0, T72 W: 17.0, T126 W: 18.0, T102 W: 0]",0.33
erdos-renyi,150,68,111.0,0.0021814322773366875,1.0506839084977595,24,24,"[T32 W: 0, T82 W: 12.0, T11 W: 7.0, T82 W: 18.0, T44 W: 0]",0.45
erdos-renyi,150,68,113.0,0.0022189058634096534,1.157149589600597,24,24,"[T72 W: 0, T47 W: 12.0, T139 W: 5.0, T47 W: 15.0, T147 W: 0]",0.45
erdos-renyi,150,68,109.0,0.0021392683309781756,1.1243327052912546,24,24,"[T48 W: 0, T119 W: 14.0, T80 W: 3.0, T15 W: 1.0, T0 W: 14.0, T75 W: 0]",0.45
erdos-renyi,150,68,116.0,0.0023287561230225648,1.0567734682405845,24,24,"[T57 W: 0, T134 W: 8.0, T133 W: 5.0, T131 W: 16.0, T136 W: 0]",0.45
erdos-renyi,150,68,124.0,0.0024488506201121732,1.0707204360534008,24,24,"[T61 W: 0, T45 W: 16.0, T133 W: 12.0, T56 W: 18.0, T91 W: 0]",0.45
erdos-renyi,150,38,30.0,0.0010626992561105207,0.8134608572440666,48,48,"[T5 W: 0, T89 W: 17.0, T45 W: 0]",0.25
erdos-renyi,150,38,36.0,0.0012437810945273632,0.7872443338861249,48,48,"[T67 W: 0, T63 W: 18.0, T125 W: 0]",0.25
erdos-renyi,150,38,34.0,0.0011762263889849858,0.8181000484328513,48,48,"[T95 W: 0, T3 W: 16.0, T99 W: 0]",0.25
erdos-renyi,150,38,32.0,0.0011197424592343762,0.8681153334733012,48,48,"[T74 W: 0, T96 W: 15.0, T92 W: 0]",0.25
erdos-renyi,150,38,34.0,0.0011988716502115656,0.8223554301833569,48,48,"[T10 W: 0, T16 W: 17.0, T82 W: 0]",0.25
erdos-renyi,150,50,36.0,0.0009650957053241113,0.8977534716637178,48,48,"[T16 W: 0, T31 W: 18.0, T36 W: 0]",0.33
erdos-renyi,150,50,48.0,0.0012796587576646228,0.8517995201279659,48,48,"[T33 W: 0, T144 W: 18.0, T117 W: 3.0, T126 W: 0]",0.33
erdos-renyi,150,50,53.0,0.0013782701409476258,0.8695584334529568,48,48,"[T77 W: 0, T91 W: 9.0, T39 W: 13.0, T146 W: 0]",0.33
erdos-renyi,150,50,41.0,0.0011255078511035468,0.8347425057647964,48,48,"[T19 W: 0, T118 W: 17.0, T81 W: 2.0, T122 W: 0]",0.33
erdos-renyi,150,50,51.0,0.0013453624564735676,0.8624037142555661,48,48,"[T119 W: 0, T5 W: 17.0, T15 W: 12.0, T127 W: 0]",0.33
erdos-renyi,150,68,58.0,0.0011553324568742281,0.9486275447193339,48,48,"[T130 W: 0, T142 W: 13.0, T0 W: 12.0, T133 W: 0]",0.45
erdos-renyi,150,68,56.0,0.0010851030847930554,0.9299527205084483,48,48,"[T34 W: 0, T49 W: 17.0, T74 W: 6.0, T148 W: 0]",0.45
erdos-renyi,150,68,57.0,0.001124748411539524,0.990311377718142,48,48,"[T95 W: 0, T99 W: 16.0, T139 W: 12.0, T140 W: 0]",0.45
erdos-renyi,150,68,59.0,0.0011678543151227238,0.9436658749010293,48,48,"[T113 W: 0, T146 W: 14.0, T49 W: 14.0, T126 W: 0]",0.45
erdos-renyi,150,68,60.0,0.001183758828867932,0.9453892593615594,48,48,"[T100 W: 0, T68 W: 17.0, T9 W: 13.0, T117 W: 0]",0.45
erdos-renyi,175,44,189.0,0.004862361718549009,1.1146899922819655,10,10,"[T29 W: 0, T81 W: 18.0, T93 W: 14.0, T0 W: 3.0, T4 W: 12.0, T143 W: 9.0, T64 W: 0]",0.25
erdos-renyi,175,44,208.0,0.005390835579514825,1.1095531826663902,10,10,"[T123 W: 0, T93 W: 9.0, T119 W: 7.0, T132 W: 18.0, T146 W: 0]",0.25
erdos-renyi,175,44,191.0,0.005003405459213077,1.1084245821763503,10,10,"[T145 W: 0, T97 W: 9.0, T77 W: 5.0, T136 W: 10.0, T51 W: 18.0, T160 W: 0]",0.25
erdos-renyi,175,44,177.0,0.004734899149323204,1.0925579155743406,10,10,"[T43 W: 0, T96 W: 9.0, T166 W: 8.0, T105 W: 2.0, T17 W: 6.0, T14 W: 14.0, T93 W: 0]",0.25
erdos-renyi,175,44,184.0,0.0048726232720724535,1.0951485620465018,10,10,"[T98 W: 0, T96 W: 17.0, T71 W: 14.0, T48 W: 1.0, T44 W: 12.0, T157 W: 9.0, T101 W: 0]",0.25
erdos-renyi,175,58,265.0,0.005222292290714173,1.3166679804508907,10,10,"[T130 W: 0, T126 W: 18.0, T95 W: 14.0, T11 W: 4.0, T66 W: 1.0, T171 W: 1.0, T94 W: 10.0, T70 W: 18.0, T147 W: 0]",0.33
erdos-renyi,175,58,257.0,0.005028173423070903,1.270640945374863,10,10,"[T8 W: 0, T167 W: 9.0, T111 W: 7.0, T123 W: 7.0, T120 W: 8.0, T117 W: 15.0, T26 W: 0]",0.33
erdos-renyi,175,58,263.0,0.00517248161113952,1.2511308657514848,10,10,"[T33 W: 0, T1 W: 18.0, T148 W: 17.0, T172 W: 4.0, T47 W: 7.0, T75 W: 16.0, T76 W: 0]",0.33
erdos-renyi,175,58,254.0,0.004998032270759544,1.2169027941755215,10,10,"[T22 W: 0, T119 W: 9.0, T142 W: 8.0, T152 W: 5.0, T170 W: 16.0, T64 W: 9.0, T166 W: 0]",0.33
erdos-renyi,175,58,249.0,0.004880630365753263,1.2077894076600415,10,10,"[T51 W: 0, T134 W: 8.0, T58 W: 15.0, T52 W: 16.0, T171 W: 0]",0.33
erdos-renyi,175,79,393.0,0.0056336009174311925,1.358615252293578,10,10,"[T83 W: 0, T40 W: 18.0, T74 W: 11.0, T117 W: 4.0, T155 W: 10.0, T130 W: 14.0, T9 W: 16.0, T115 W: 0]",0.45
erdos-renyi,175,79,416.0,0.005986645176145521,1.391434492286438,10,10,"[T110 W: 0, T19 W: 10.0, T31 W: 16.0, T16 W: 6.0, T86 W: 4.0, T51 W: 8.0, T129 W: 9.0, T151 W: 0]",0.45
erdos-renyi,175,79,384.0,0.005613870939446215,1.432925937838075,10,10,"[T12 W: 0, T54 W: 9.0, T7 W: 14.0, T100 W: 4.0, T121 W: 1.0, T171 W: 10.0, T55 W: 14.0, T51 W: 14.0, T70 W: 0]",0.45
erdos-renyi,175,79,410.0,0.005927425184328466,1.4317189533034553,10,10,"[T138 W: 0, T172 W: 9.0, T152 W: 12.0, T114 W: 1.0, T140 W: 6.0, T62 W: 13.0, T72 W: 18.0, T161 W: 0]",0.45
erdos-renyi,175,79,375.0,0.005424091645452441,1.405794376301782,10,10,"[T40 W: 0, T67 W: 16.0, T71 W: 8.0, T107 W: 3.0, T68 W: 1.0, T79 W: 4.0, T23 W: 16.0, T16 W: 9.0, T152 W: 0]",0.45
erdos-renyi,175,44,103.0,0.002662737190424487,0.9766041052686004,16,16,"[T70 W: 0, T123 W: 7.0, T146 W: 4.0, T99 W: 16.0, T80 W: 0]",0.25
erdos-renyi,175,44,102.0,0.0026050978188690813,0.9764264187567043,16,16,"[T36 W: 0, T104 W: 6.0, T23 W: 6.0, T104 W: 16.0, T78 W: 0]",0.25
erdos-renyi,175,44,94.0,0.0025023959109785965,0.9689862634437227,16,16,"[T9 W: 0, T35 W: 18.0, T157 W: 4.0, T27 W: 9.0, T172 W: 0]",0.25
erdos-renyi,175,44,107.0,0.002833536359303003,0.9561199089031301,16,16,"[T96 W: 0, T121 W: 16.0, T64 W: 6.0, T80 W: 1.0, T59 W: 9.0, T153 W: 0]",0.25
erdos-renyi,175,44,100.0,0.0026360185575706454,0.9762758329818642,16,16,"[T132 W: 0, T64 W: 8.0, T131 W: 9.0, T64 W: 8.0, T148 W: 0]",0.25
erdos-renyi,175,58,177.0,0.0035183271050329965,1.1155084678381173,16,16,"[T35 W: 0, T37 W: 17.0, T46 W: 8.0, T111 W: 4.0, T119 W: 8.0, T16 W: 9.0, T44 W: 0]",0.33
erdos-renyi,175,58,162.0,0.0031765951605945333,1.0732381662025963,16,16,"[T147 W: 0, T19 W: 8.0, T78 W: 7.0, T39 W: 9.0, T0 W: 13.0, T149 W: 0]",0.33
erdos-renyi,175,58,152.0,0.003021868787276342,1.0503180914512922,16,16,"[T106 W: 0, T142 W: 8.0, T41 W: 8.0, T105 W: 3.0, T2 W: 3.0, T165 W: 9.0, T160 W: 0]",0.33
erdos-renyi,175,58,162.0,0.003145386766076421,1.14303743398571,16,16,"[T5 W: 0, T173 W: 16.0, T56 W: 4.0, T173 W: 13.0, T110 W: 0]",0.33
erdos-renyi,175,58,162.0,0.0032444124008651765,1.0637867499799727,16,16,"[T45 W: 0, T50 W: 9.0, T71 W: 3.0, T50 W: 16.0, T129 W: 0]",0.33
erdos-renyi,175,79,227.0,0.003301049937469098,1.2311752901143007,16,16,"[T147 W: 0, T74 W: 18.0, T94 W: 9.0, T61 W: 1.0, T82 W: 7.0, T80 W: 17.0, T157 W: 0]",0.45
erdos-renyi,175,79,241.0,0.003422712037720843,1.2255297392489917,16,16,"[T8 W: 0, T13 W: 18.0, T151 W: 8.0, T28 W: 14.0, T15 W: 15.0, T163 W: 0]",0.45
erdos-renyi,175,79,238.0,0.003531681258346936,1.2170648464163822,16,16,"[T52 W: 0, T70 W: 18.0, T100 W: 8.0, T11 W: 5.0, T157 W: 14.0, T150 W: 16.0, T115 W: 0]",0.45
erdos-renyi,175,79,246.0,0.0036475786601820825,1.2424305329023457,16,16,"[T16 W: 0, T154 W: 7.0, T140 W: 6.0, T97 W: 5.0, T79 W: 16.0, T49 W: 16.0, T128 W: 0]",0.45
erdos-renyi,175,79,248.0,0.003574414113170563,1.440474474647603,16,16,"[T93 W: 0, T152 W: 9.0, T121 W: 14.0, T79 W: 3.0, T92 W: 12.0, T63 W: 15.0, T167 W: 0]",0.45
erdos-renyi,175,44,75.0,0.0019357836052033863,0.9578773487507743,24,24,"[T65 W: 0, T61 W: 14.0, T144 W: 5.0, T61 W: 9.0, T135 W: 0]",0.25
erdos-renyi,175,44,79.0,0.0021141083279811604,0.8867480196959966,24,24,"[T36 W: 0, T45 W: 12.0, T174 W: 6.0, T45 W: 9.0, T52 W: 0]",0.25
erdos-renyi,175,44,70.0,0.001799578384492776,0.943750321353283,24,24,"[T30 W: 0, T98 W: 12.0, T139 W: 3.0, T136 W: 16.0, T168 W: 0]",0.25
erdos-renyi,175,44,72.0,0.0018628719275549806,0.9048124191461837,24,24,"[T69 W: 0, T32 W: 9.0, T54 W: 7.0, T149 W: 16.0, T106 W: 0]",0.25
erdos-renyi,175,44,92.0,0.0023575235752357525,0.9300686756867569,24,24,"[T96 W: 0, T77 W: 8.0, T105 W: 3.0, T77 W: 13.0, T116 W: 0]",0.25
erdos-renyi,175,58,99.0,0.001967408585055644,1.0015898251192368,24,24,"[T135 W: 0, T7 W: 16.0, T79 W: 5.0, T13 W: 16.0, T167 W: 0]",0.33
erdos-renyi,175,58,94.0,0.0018874743986185293,1.0671458977551103,24,24,"[T23 W: 0, T53 W: 10.0, T106 W: 5.0, T60 W: 7.0, T26 W: 0]",0.33
erdos-renyi,175,58,98.0,0.0019175830626540916,0.9961844010488006,24,24,"[T94 W: 0, T33 W: 16.0, T39 W: 7.0, T156 W: 1.0, T163 W: 14.0, T126 W: 0]",0.33
erdos-renyi,175,58,84.0,0.0016836366551751783,0.9667682193538042,24,24,"[T109 W: 0, T72 W: 13.0, T26 W: 4.0, T103 W: 16.0, T149 W: 0]",0.33
erdos-renyi,175,58,109.0,0.00219660634396034,1.0941517875136029,24,24,"[T42 W: 0, T167 W: 5.0, T50 W: 8.0, T167 W: 14.0, T150 W: 0]",0.33
erdos-renyi,175,79,140.0,0.0020389141325876732,1.0811487824769894,24,24,"[T56 W: 0, T49 W: 11.0, T2 W: 6.0, T71 W: 2.0, T50 W: 16.0, T149 W: 0]",0.45
erdos-renyi,175,79,147.0,0.002138181818181818,1.1925527272727272,24,24,"[T47 W: 0, T66 W: 14.0, T171 W: 6.0, T134 W: 6.0, T79 W: 16.0, T65 W: 0]",0.45
erdos-renyi,175,79,140.0,0.0020638617802282043,1.1038417312851962,24,24,"[T97 W: 0, T8 W: 9.0, T85 W: 11.0, T152 W: 17.0, T101 W: 0]",0.45
erdos-renyi,175,79,158.0,0.002291515591007977,1.1637998549673676,24,24,"[T93 W: 0, T74 W: 14.0, T134 W: 7.0, T9 W: 4.0, T41 W: 16.0, T153 W: 0]",0.45
erdos-renyi,175,79,133.0,0.0019397368958375871,1.1176968176647317,24,24,"[T116 W: 0, T32 W: 15.0, T104 W: 3.0, T75 W: 3.0, T62 W: 18.0, T130 W: 0]",0.45
erdos-renyi,175,44,33.0,0.0008693819484693609,0.7976447652668739,48,48,"[T135 W: 0, T165 W: 9.0, T20 W: 4.0, T144 W: 0]",0.25
erdos-renyi,175,44,33.0,0.0008692903429745535,0.8973183710025815,48,48,"[T20 W: 0, T98 W: 18.0, T97 W: 0]",0.25
erdos-renyi,175,44,40.0,0.0010439503079653408,0.7942112955423322,48,48,"[T17 W: 0, T92 W: 13.0, T29 W: 7.0, T130 W: 0]",0.25
erdos-renyi,175,44,37.0,0.0009943029130388048,0.837256798882081,48,48,"[T9 W: 0, T171 W: 17.0, T88 W: 2.0, T143 W: 0]",0.25
erdos-renyi,175,44,34.0,0.0009063766261462998,0.8260290040520367,48,48,"[T91 W: 0, T107 W: 18.0, T150 W: 0]",0.25
erdos-renyi,175,58,47.0,0.0009364042078418872,0.8714934650940389,48,48,"[T40 W: 0, T88 W: 12.0, T130 W: 12.0, T49 W: 0]",0.33
erdos-renyi,175,58,52.0,0.0010371788734641774,0.8606590074996011,48,48,"[T119 W: 0, T77 W: 6.0, T95 W: 2.0, T77 W: 4.0, T133 W: 0]",0.33
erdos-renyi,175,58,47.0,0.0009319110124122615,0.8927509219970655,48,48,"[T159 W: 0, T49 W: 13.0, T8 W: 12.0, T172 W: 0]",0.33
erdos-renyi,175,58,47.0,0.0009624047833565403,0.8551683184535998,48,48,"[T119 W: 0, T59 W: 16.0, T10 W: 6.0, T163 W: 0]",0.33
erdos-renyi,175,58,49.0,0.000949354826209943,0.900007749835316,48,48,"[T106 W: 0, T139 W: 9.0, T145 W: 10.0, T165 W: 0]",0.33
erdos-renyi,175,79,76.0,0.0010851562053800902,0.9640042263978525,48,48,"[T14 W: 0, T25 W: 12.0, T137 W: 3.0, T55 W: 16.0, T144 W: 0]",0.45
erdos-renyi,175,79,67.0,0.0009706768660176171,0.9722994900324525,48,48,"[T73 W: 0, T12 W: 17.0, T19 W: 13.0, T170 W: 0]",0.45
erdos-renyi,175,79,64.0,0.0009347978499649451,0.9577880345875205,48,48,"[T25 W: 0, T91 W: 18.0, T32 W: 8.0, T100 W: 0]",0.45
erdos-renyi,175,79,64.0,0.0009347432377168896,0.9827218554653269,48,48,"[T61 W: 0, T113 W: 9.0, T29 W: 13.0, T159 W: 0]",0.45
erdos-renyi,175,79,71.0,0.001031437038758789,1.009965715613923,48,48,"[T52 W: 0, T114 W: 14.0, T46 W: 2.0, T65 W: 14.0, T86 W: 0]",0.45
erdos-renyi,200,50,192.0,0.0038838093696901043,1.0881139250748442,10,10,"[T52 W: 0, T61 W: 18.0, T81 W: 12.0, T30 W: 4.0, T127 W: 12.0, T21 W: 9.0, T169 W: 0]",0.25
erdos-renyi,200,50,205.0,0.004200131126044911,1.112522537288969,10,10,"[T15 W: 0, T113 W: 9.0, T27 W: 15.0, T57 W: 12.0, T0 W: 16.0, T166 W: 0]",0.25
erdos-renyi,200,50,222.0,0.00443698285166087,1.2468521405444297,10,10,"[T149 W: 0, T18 W: 18.0, T108 W: 8.0, T145 W: 8.0, T190 W: 6.0, T175 W: 17.0, T180 W: 0]",0.25
erdos-renyi,200,50,219.0,0.004378773943295877,1.1038509217419123,10,10,"[T62 W: 0, T61 W: 18.0, T28 W: 10.0, T18 W: 5.0, T64 W: 12.0, T97 W: 9.0, T160 W: 0]",0.25
erdos-renyi,200,50,232.0,0.004601166157629606,1.1057078259489905,10,10,"[T0 W: 0, T80 W: 15.0, T101 W: 12.0, T20 W: 1.0, T101 W: 6.0, T9 W: 9.0, T102 W: 0]",0.25
erdos-renyi,200,66,301.0,0.004533132530120482,1.2404518072289157,10,10,"[T105 W: 0, T47 W: 9.0, T162 W: 18.0, T4 W: 8.0, T88 W: 1.0, T108 W: 15.0, T76 W: 9.0, T159 W: 0]",0.33
erdos-renyi,200,66,318.0,0.004858225372769494,1.2848020043999022,10,10,"[T106 W: 0, T38 W: 9.0, T171 W: 8.0, T38 W: 7.0, T195 W: 18.0, T196 W: 0]",0.33
erdos-renyi,200,66,308.0,0.004665111629456847,1.2595195540880313,10,10,"[T8 W: 0, T83 W: 9.0, T1 W: 12.0, T91 W: 1.0, T142 W: 4.0, T21 W: 12.0, T117 W: 18.0, T68 W: 0]",0.33
erdos-renyi,200,66,325.0,0.004971699556371424,1.3066085360256998,10,10,"[T13 W: 0, T139 W: 9.0, T120 W: 8.0, T141 W: 1.0, T16 W: 6.0, T163 W: 15.0, T18 W: 18.0, T96 W: 0]",0.33
erdos-renyi,200,66,278.0,0.004293038482920501,1.2099264932979183,10,10,"[T21 W: 0, T178 W: 18.0, T183 W: 16.0, T91 W: 6.0, T56 W: 1.0, T16 W: 10.0, T142 W: 8.0, T179 W: 0]",0.33
erdos-renyi,200,90,429.0,0.004737923265522497,1.4604068650188855,10,10,"[T87 W: 0, T194 W: 9.0, T59 W: 16.0, T10 W: 4.0, T156 W: 1.0, T175 W: 11.0, T94 W: 13.0, T85 W: 18.0, T166 W: 0]",0.45
erdos-renyi,200,90,474.0,0.005176933158584535,1.5268894713848842,10,10,"[T36 W: 0, T22 W: 17.0, T177 W: 12.0, T133 W: 11.0, T177 W: 5.0, T120 W: 9.0, T83 W: 16.0, T43 W: 0]",0.45
erdos-renyi,200,90,454.0,0.005059172257014866,1.4747264258173796,10,10,"[T154 W: 0, T156 W: 18.0, T61 W: 15.0, T52 W: 8.0, T17 W: 3.0, T122 W: 14.0, T10 W: 16.0, T0 W: 9.0, T195 W: 0]",0.45
erdos-renyi,200,90,522.0,0.005838142531203865,1.4051805126828614,10,10,"[T68 W: 0, T27 W: 11.0, T64 W: 9.0, T46 W: 6.0, T64 W: 5.0, T143 W: 8.0, T28 W: 12.0, T180 W: 0]",0.45
erdos-renyi,200,90,455.0,0.005021631644004944,1.3947885396432986,10,10,"[T119 W: 0, T28 W: 15.0, T87 W: 14.0, T117 W: 7.0, T128 W: 2.0, T152 W: 10.0, T91 W: 10.0, T141 W: 18.0, T150 W: 0]",0.45
erdos-renyi,200,50,133.0,0.0026520438683948155,0.9953938185443669,16,16,"[T156 W: 0, T72 W: 16.0, T184 W: 13.0, T76 W: 16.0, T166 W: 0]",0.25
erdos-renyi,200,50,128.0,0.002566158781074579,1.003568564554932,16,16,"[T104 W: 0, T74 W: 9.0, T141 W: 4.0, T102 W: 1.0, T94 W: 2.0, T35 W: 7.0, T124 W: 0]",0.25
erdos-renyi,200,50,113.0,0.002270626532170558,0.9975887151870755,16,16,"[T124 W: 0, T120 W: 6.0, T135 W: 6.0, T26 W: 8.0, T6 W: 16.0, T154 W: 0]",0.25
erdos-renyi,200,50,124.0,0.002455737315324593,1.0278250881292827,16,16,"[T45 W: 0, T46 W: 9.0, T55 W: 8.0, T16 W: 1.0, T46 W: 14.0, T84 W: 0]",0.25
erdos-renyi,200,50,127.0,0.0025470298022542215,1.0007420480526252,16,16,"[T132 W: 0, T46 W: 16.0, T57 W: 4.0, T81 W: 2.0, T26 W: 7.0, T199 W: 7.0, T144 W: 0]",0.25
erdos-renyi,200,66,180.0,0.0027434842249657062,1.1074836153025454,16,16,"[T23 W: 0, T114 W: 18.0, T52 W: 7.0, T170 W: 4.0, T196 W: 4.0, T29 W: 8.0, T166 W: 0]",0.33
erdos-renyi,200,66,181.0,0.002764625019092714,1.0995265006873378,16,16,"[T142 W: 0, T149 W: 8.0, T112 W: 7.0, T149 W: 9.0, T47 W: 16.0, T168 W: 0]",0.33
erdos-renyi,200,66,203.0,0.0030919669784019253,1.0903219910439577,16,16,"[T107 W: 0, T99 W: 16.0, T69 W: 8.0, T102 W: 5.0, T43 W: 18.0, T155 W: 0]",0.33
erdos-renyi,200,66,182.0,0.0027577428935086977,1.1644039032668647,16,16,"[T13 W: 0, T34 W: 16.0, T126 W: 3.0, T174 W: 3.0, T0 W: 14.0, T142 W: 18.0, T123 W: 0]",0.33
erdos-renyi,200,66,176.0,0.002675666636261364,1.0947277205144577,16,16,"[T134 W: 0, T156 W: 16.0, T123 W: 11.0, T184 W: 2.0, T51 W: 12.0, T156 W: 18.0, T193 W: 0]",0.33
erdos-renyi,200,90,256.0,0.002839774592891689,1.225362736832764,16,16,"[T110 W: 0, T68 W: 9.0, T81 W: 8.0, T68 W: 9.0, T125 W: 18.0, T163 W: 0]",0.45
erdos-renyi,200,90,249.0,0.0027909791965566714,1.2315952295552368,16,16,"[T7 W: 0, T5 W: 16.0, T136 W: 12.0, T34 W: 5.0, T6 W: 12.0, T20 W: 9.0, T185 W: 0]",0.45
erdos-renyi,200,90,292.0,0.0032816363227691618,1.2971229489772982,16,16,"[T114 W: 0, T53 W: 9.0, T152 W: 6.0, T198 W: 5.0, T4 W: 3.0, T110 W: 10.0, T178 W: 0]",0.45
erdos-renyi,200,90,258.0,0.002820843629048129,1.3055257921322516,16,16,"[T26 W: 0, T72 W: 13.0, T100 W: 14.0, T76 W: 4.0, T61 W: 7.0, T105 W: 15.0, T107 W: 0]",0.45
erdos-renyi,200,90,261.0,0.0029464890494468278,1.2748137277037705,16,16,"[T93 W: 0, T62 W: 9.0, T11 W: 14.0, T53 W: 1.0, T152 W: 12.0, T15 W: 13.0, T171 W: 0]",0.45
erdos-renyi,200,50,74.0,0.0014489348370927317,0.9434523809523809,24,24,"[T57 W: 0, T109 W: 14.0, T172 W: 7.0, T52 W: 18.0, T115 W: 0]",0.25
erdos-renyi,200,50,84.0,0.0016843793864046522,0.9004812512532585,24,24,"[T144 W: 0, T198 W: 16.0, T47 W: 3.0, T198 W: 14.0, T160 W: 0]",0.25
erdos-renyi,200,50,87.0,0.001782567717083965,0.9721345736179978,24,24,"[T67 W: 0, T120 W: 18.0, T181 W: 4.0, T157 W: 15.0, T171 W: 0]",0.25
erdos-renyi,200,50,77.0,0.0015488594762038863,0.9035684113127087,24,24,"[T35 W: 0, T17 W: 9.0, T60 W: 18.0, T162 W: 0]",0.25
erdos-renyi,200,50,87.0,0.0017824216349108788,0.9194837123540258,24,24,"[T48 W: 0, T101 W: 15.0, T129 W: 5.0, T68 W: 1.0, T178 W: 18.0, T105 W: 0]",0.25
erdos-renyi,200,66,108.0,0.0016348773841961854,1.0464880411746897,24,24,"[T15 W: 0, T8 W: 17.0, T166 W: 6.0, T130 W: 9.0, T103 W: 0]",0.33
erdos-renyi,200,66,103.0,0.0015703613355694465,1.0358591248665956,24,24,"[T6 W: 0, T139 W: 14.0, T180 W: 12.0, T8 W: 14.0, T135 W: 0]",0.33
erdos-renyi,200,66,106.0,0.0016200519639309185,0.9764022619593459,24,24,"[T100 W: 0, T64 W: 14.0, T182 W: 6.0, T77 W: 18.0, T119 W: 0]",0.33
erdos-renyi,200,66,119.0,0.001790012033694344,1.0069344163658243,24,24,"[T117 W: 0, T195 W: 15.0, T19 W: 3.0, T175 W: 1.0, T56 W: 12.0, T148 W: 0]",0.33
erdos-renyi,200,66,110.0,0.0016302575806977503,0.9985920502712156,24,24,"[T120 W: 0, T169 W: 11.0, T63 W: 3.0, T177 W: 18.0, T179 W: 0]",0.33
erdos-renyi,200,90,167.0,0.0018274533835244682,1.110041145058216,24,24,"[T56 W: 0, T160 W: 18.0, T43 W: 8.0, T98 W: 2.0, T101 W: 11.0, T44 W: 9.0, T183 W: 0]",0.45
erdos-renyi,200,90,169.0,0.0019513208941437281,1.1175411047478292,24,24,"[T103 W: 0, T121 W: 15.0, T170 W: 10.0, T105 W: 10.0, T43 W: 16.0, T147 W: 0]",0.45
erdos-renyi,200,90,167.0,0.0018268136868819463,1.1317821825501007,24,24,"[T29 W: 0, T192 W: 8.0, T52 W: 13.0, T187 W: 4.0, T52 W: 8.0, T194 W: 0]",0.45
erdos-renyi,200,90,167.0,0.0018713581353653071,1.1308157776781713,24,24,"[T15 W: 0, T5 W: 12.0, T104 W: 3.0, T83 W: 2.0, T2 W: 12.0, T70 W: 14.0, T29 W: 0]",0.45
erdos-renyi,200,90,163.0,0.0017974108462166156,1.1151666188827383,24,24,"[T70 W: 0, T100 W: 15.0, T186 W: 6.0, T9 W: 8.0, T73 W: 0]",0.45
erdos-renyi,200,50,48.0,0.0009599616015359385,0.8523059077636894,48,48,"[T97 W: 0, T43 W: 16.0, T24 W: 10.0, T179 W: 0]",0.25
erdos-renyi,200,50,41.0,0.000826079948420374,0.8277724049000644,48,48,"[T25 W: 0, T169 W: 17.0, T168 W: 2.0, T138 W: 0]",0.25
erdos-renyi,200,50,47.0,0.0009506087941426318,0.8323894664455321,48,48,"[T100 W: 0, T82 W: 9.0, T2 W: 7.0, T189 W: 0]",0.25
erdos-renyi,200,50,38.0,0.0007642492256948635,0.8002091629459797,48,48,"[T45 W: 0, T29 W: 8.0, T153 W: 10.0, T158 W: 0]",0.25
erdos-renyi,200,50,46.0,0.0009378185524974515,0.7898470948012233,48,48,"[T97 W: 0, T147 W: 9.0, T101 W: 6.0, T197 W: 0]",0.25
erdos-renyi,200,66,66.0,0.0009790832220738764,0.9201898828067052,48,48,"[T14 W: 0, T70 W: 8.0, T131 W: 4.0, T70 W: 6.0, T28 W: 0]",0.33
erdos-renyi,200,66,54.0,0.0008223183285618566,0.8569013827130414,48,48,"[T140 W: 0, T131 W: 14.0, T106 W: 12.0, T155 W: 0]",0.33
erdos-renyi,200,66,62.0,0.0009249589735939132,0.8806952110995077,48,48,"[T35 W: 0, T118 W: 12.0, T177 W: 4.0, T20 W: 12.0, T179 W: 0]",0.33
erdos-renyi,200,66,53.0,0.0008071639608906217,0.8811641436447261,48,48,"[T83 W: 0, T3 W: 16.0, T157 W: 10.0, T153 W: 0]",0.33
erdos-renyi,200,66,56.0,0.0008414220031853833,0.8851609219581092,48,48,"[T112 W: 0, T165 W: 9.0, T191 W: 14.0, T166 W: 0]",0.33
erdos-renyi,200,90,75.0,0.0008422045546422315,0.9678390154067287,48,48,"[T47 W: 0, T112 W: 14.0, T163 W: 4.0, T19 W: 18.0, T114 W: 0]",0.45
erdos-renyi,200,90,88.0,0.0009814418272662384,1.0330344396859386,48,48,"[T38 W: 0, T19 W: 7.0, T170 W: 7.0, T19 W: 7.0, T124 W: 0]",0.45
erdos-renyi,200,90,83.0,0.00093304555060929,0.9988870902468636,48,48,"[T55 W: 0, T111 W: 14.0, T87 W: 5.0, T40 W: 10.0, T97 W: 0]",0.45
erdos-renyi,200,90,76.0,0.000848384720144672,1.0036726128016789,48,48,"[T77 W: 0, T12 W: 18.0, T35 W: 18.0, T142 W: 0]",0.45
erdos-renyi,200,90,73.0,0.0008244674843577059,0.9501027760836666,48,48,"[T93 W: 0, T74 W: 17.0, T81 W: 16.0, T135 W: 0]",0.45
